RECIPE_ID,INGREDIENT_FULL
1,"{'쌀': '4컵', '안심': '200g', '콩나물': '20g', '청포묵': '1/2모', '미나리': '20g', '소금': '약간', '국간장': '약간', '다진파': '약간', '다진마늘': '약간', '참기름': '약간', '고추장': '1/2큰술', '설탕': '약간', '숙주': '20g', '도라지': '20g', '고사리': '20g', '계란': '1개', '양지머리': '100g'}"
2,"{'멥쌀': '1컵', '찹쌀': '2컵', '수수': '1컵', '차조': '1컵', '콩': '1/2컵', '팥': '1/2컵', '소금': '약간'}"
3,"{'당면': '50g', '돼지고기': '100g', '표고버섯': '2장', '호박': '1/4개', '당근': '1/2개', '부추': '30g', '청고추': '약간', '홍고추': '약간', '다진파': '2큰술', '다진마늘': '1큰술', '진간장': '4큰술', '참기름': '1큰술', '소금': '약간', '밥': '3공기', '통후추': '약간'}"
4,"{'쌀': '2컵', '콩나물': '300g', '쇠고기': '100g', '파': '1/2개', '마늘': '2쪽', '참기름': '1큰술', '깨소금': '1큰술', '고춧가루': '조금', '진간장': '4큰술', '소금': '약간', '통후추': '약간'}"
5,"{'찹쌀': '3컵', '흑설탕': '1컵', '계핏가루': '1/2큰술', '깐밤': '200g', '대추': '50g', '잣': '1큰술', '물엿': '적당량', '식물성기름': '3큰술', '흰설탕': '1컵', '간장': '1/3컵', '물': '4컵'}"
6,"{'청동호박': '1/2개', '팥': '1컵', '찹쌀': '2컵', '물': '10컵', '설탕': '약간', '소금': '약간'}"
7,"{'쌀': '1컵', '흑임자': '1/2컵', '물': '6컵', '소금': '약간', '설탕': '약간'}"
8,"{'쇠고기': '200g', '감자': '2개', '양파': '1개', '당근': '1/2개', '완두콩': '4큰술', '카레': '70g', '우유': '1/2컵', '밥': '4공기', '소금': '약간', '통후추': '약간'}"
9,"{'계란': '3개', '양파': '1/4개', '물': '3컵', '당근': '1/3개', '쌈장': '3큰술', '후춧가루': '약간', '소금': '약간', '밥': '2공기', '청피망': '1/2개', '홍피망': '1/2개', '오이': '1/3개', '전분': '약간', '멸치': '한 줌', '다시마': '1장'}"
10,"{'밀가루': '4컵', '감자': '2개', '애호박': '1/2개', '멸치': '10마리', '실파': '2뿌리', '홍고추': '1개', '물': '1컵', '양념장': '적당량', '국간장': '약간', '참기름': '약간', '소금': '약간'}"
11,"{'냉면': '400g', '쇠고기': '300g', '동치미국물': '1개', '오이': '1개', '배': '1개', '계란': '2개', '식초': '2큰술', '설탕': '1큰술', '소금': '약간', '쇠고기육수': '4컵', '동치미무': '1개'}"
12,"{'국수': '400g', '쇠고기': '100g', '동치미무': '1/4개', '계란': '1개', '홍고추': '1개', '소금': '약간', '깨소금': '약간', '참기름': '1/2큰술', '동치미국물': '8컵', '간장': '1큰술', '설탕': '1/4작은술', '통후추': '약간'}"
13,"{'열무': '1/2단', '찹쌀가루': '2큰술', '냉면': '500g', '홍고추': '1개', '청고추': '1개', '대파': '약간', '다진마늘': '1작은술', '다진생강': '1/2작은술', '고춧가루': '4큰술', '식초': '4큰술', '설탕': '4큰술', '겨자': '약간', '물': '1컵'}"
14,"{'국수': '200g', '표고버섯': '3장', '오이': '1/2개', '계란': '1개', '부추': '1/3단', '쇠고기': '100g', '양념장': '적당량', '상추': '6장', '깻잎': '15장'}"
15,"{'국수': '400g', '돼지고기': '100g', '녹말': '1큰술', '계란흰자': '1개', '오징어': '1/2마리', '새우': '100g', '홍합': '100g', '표고버섯': '2개', '죽순': '2개', '파': '약간', '다진마늘': '약간', '멸칫국물': '8컵', '청주': '약간', '소금': '약간'}"
16,"{'김치': '1/2포기', '숙주': '150g', '표고버섯': '4장', '두부': '1/2모', '만두피': '40장', '육수': '7컵', '쇠고기': '40g', '다진파': '1큰술', '다진마늘': '1큰술', '소금': '약간', '후춧가루': '약간', '깨소금': '약간', '간장': '1큰술', '설탕': '1큰술', '참기름': '1큰술'}"
17,"{'다시마': '2장', '오이': '1/2개', '홍고추': '1개', '다진파': '1/2작은술', '다진마늘': '1/4작은술', '소금': '약간', '고춧가루': '약간', '깨소금': '약간', '물': '5컵'}"
18,"{'두부': '1모', '쇠고기': '100g', '파': '1뿌리', '다진마늘': '1큰술', '고추장': '1큰술', '참기름': '1작은술', '진간장': '조금', '소금': '조금', '후춧가루': '조금'}"
19,"{'두부': '1/2모', '콩나물': '50g', '모시조개': '200g', '북어': '30g', '홍고추': '1개', '실파': '3뿌리', '밀가루': '1큰술', '계란': '1개', '마늘': '1큰술', '소금': '약간', '후춧가루': '약간'}"
20,"{'쇠고기': '120g', '무': '400g', '실파': '20g', '마늘': '1작은술', '국간장': '1큰술', '소금': '1큰술', '참기름': '약간', '후춧가루': '약간', '물': '5컵'}"
21,"{'미역': '2컵', '다진쇠고기': '150g', '마늘': '1큰술', '식용유': '약간', '후춧가루': '약간', '국간장': '2큰술', '참기름': '2큰술', '물': '10컵'}"
22,"{'불린미역': '2컵', '오이': '1/2개', '대파': '1/2뿌리', '다진마늘': '1/2작은술', '깨소금': '약간', '소금': '약간', '고춧가루': '약간', '간장': '2큰술', '물': '10컵'}"
23,"{'생태': '1마리', '미나리': '50g', '콩나물': '50g', '무': '1/4개', '홍고추': '1개', '마늘': '2쪽', '쌀뜨물': '10컵', '소금': '약간', '후춧가루': '약간'}"
24,"{'연어': '6조각', '후춧가루': '약간', '레몬즙': '40g', '소금': '약간', '양파': '1/2개', '양송이버섯': '4개', '올리브오일': '60g', '방울토마토': '4개', '페스토소스': '만드는법 참조', '모듬채소': '약간', '차이브': '4개'}"
25,"{'오이': '2개', '파': '1작은술', '다진마늘': '1작은술', '간장': '3큰술', '식초': '3큰술', '설탕': '1큰술', '깨소금': '약간', '고춧가루': '약간', '물': '4컵', '대파': '1대', '홍고추': '1개', '소금': '약간'}"
26,"{'삶은 문어살': '80g', '갑오징어': '80g', '꼴뚜기': '80g', '중새우살': '6개', '쭈꾸미': '4개', '참소라살': '60g', '모시조개': '10개', '가리비': '2개', '검은껍질홍합': '10개', '가재새우': '2개', '양파': '60g', '샐러리': '40g', '당근': '40g', '루콜라': '40g', '트레비소': '4잎', '소스': nan}"
27,"{'재첩': '10컵', '부추': '20g', '물': '4컵', '소금': '약간'}"
28,"{'도미': '300g', '감자': '1개', '방울토마토': '50g', '바질': '10g', '블랙올리브': '40g', '케이퍼': '15g', '스위트마조람': '20g', '올리브오일': '50g', '화이트와인': '50g', '계란노른자': '적량', '오레가노': '20g', '그린올리브': '10g'}"
29,"{'쇠고기': '600g', '햇살담은간장': '1큰술', '실파': '1단', '느타리버섯': '300g', '마늘': '약간', '후춧가루': '약간', '꼬치': '8개', '참기름': '약간', '깨소금': '약간', '설탕': '1큰술', '꿀': '1큰술', '다진파': '2큰술', '다진마늘': '3큰술', '배즙': '3큰술', '생강즙': '1큰술'}"
30,"{'쇠고기': '400g', '양송이버섯': '200g', '피망': '4개', '양파': '1개', '마늘': '3톨', '간장': '1큰술', '물엿': '1큰술', '토마토케첩': '4큰술', '설탕': '1큰술', '소금': '약간', '후춧가루': '약간', '식용유': '4큰술'}"
31,"{'물': '10컵', '팥': '2컵', '소금': '약간', '밀가루': '4컵', '날콩가루': '4큰술'}"
32,"{'죽순': '2개', '표고버섯': '8장', '대파': '1뿌리', '식용유': '2큰술', '물': '조금', '간장': '3큰술', '다진파': '1큰술', '다진마늘': '1/2큰술', '참기름': '1/2큰술', '설탕': '1/2큰술', '소금': '약간', '후춧가루': '약간'}"
33,"{'부추': '1단', '돼지고기': '100g', '표고버섯': '4장', '대파': '1뿌리', '생강': '1/2쪽', '간장': '1큰술', '청주': '1큰술', '소금': '약간', '식용유': '약간'}"
34,"{'상추잎': '10장', '두부': '1/2모', '깨소금': '1작은술', '꿀': '1작은술', '소금': '약간', '레몬즙': '1작은술', '연겨자': '약간', '적양배추잎': '5장', '당근': '1/4개', '파프리카': '1/2개'}"
35,"{'콩나물': '600g', '다진파': '1큰술', '다진마늘': '1과1/2작은술', '깨소금': '2큰술', '참기름': '1큰술', '실고추': '약간', '소금': '약간', '후춧가루': '약간'}"
36,"{'우엉': '400g', '간장': '4큰술', '물엿': '2큰술', '깨소금': '1큰술', '소금': '약간', '물': '약간'}"
37,"{'두부': '1모', '토마토': '2개', '바질': '20장', '다진양파': '1큰술', '식초': '3큰술', '참빛고운포도씨유': '5큰술', '간장': '1큰술', '소금': '약간'}"
38,"{'잔멸치': '1컵', '당근': '1/2개', '청고추': '4개', '식용유': '4큰술', '깨소금': '2큰술', '간장': '1큰술', '설탕': '약간', '청주': '약간'}"
39,"{'갈치': '1마리', '무': '1/4개', '감자': '1개', '홍고추': '1개', '대파': '1/2뿌리', '물': '약간', '간장': '4큰술', '고추장': '1큰술', '고춧가루': '1큰술', '마늘': '2톨', '생강': '1/2개', '설탕': '2큰술', '깨소금': '약간', '참기름': '약간'}"
40,"{'닭': '1마리', '간장': '5큰술', '고추장': '2큰술', '고춧가루': '1과1/2큰술', '대파': '1뿌리', '마늘': '3쪽', '생강즙': '1큰술', '깨소금': '약간', '후춧가루': '약간'}"
41,"{'다시마': '1장', '두부': '1모', '표고버섯': '5장', '당근': '1/4개', '고추': '2개', '들깨가루': '1큰술', '깨소금': '1큰술', '소금': '1작은술', '참기름': '1작은술', '후춧가루': '약간', '초고추장': '2큰술', '양념간장': '2큰술'}"
42,"{'칼국수면': '300g', '팥': '3컵', '물': '15컵', '소금': '약간', '설탕': '약간'}"
43,"{'콩나물': '400g', '쇠고기': '100g', '표고버섯': '4장', '양파': '1/2개', '당근': '1/2개', '미나리': '1단', '계란': '2개', '소금': '약간', '깨소금': '약간', '참기름': '2큰술', '식용유': '2큰술', '진간장': '2큰술', '설탕': '2작은술', '다진파': '약간', '다진마늘': '약간', '후춧가루': '약간'}"
44,"{'양배추잎': '8장', '쇠고기': '300g', '밤': '8개', '양파': '1/2개', '육수': '1컵', '녹말': '1작은술', '물': '1작은술', '무명실': '8개', '소금': '약간', '간장': '1큰술', '깨소금': '1큰술', '청주': '1큰술', '다진파': '2큰술', '다진마늘': '1큰술', '참기름': '1/2큰술', '파슬리가루': '약간', '후춧가루': '약간'}"
45,"{'마늘': '10통', '물': '15컵', '소금': '1/2컵', '식초': '5컵', '간장': '1/2컵'}"
46,"{'오징어': '2마리', '고추장': '2큰술', '다진파': '2큰술', '다진마늘': '1큰술', '물엿': '1큰술', '생강즙': '1/2큰술', '참기름': '1/2큰술', '간장': '1큰술', '설탕': '1큰술', '고춧가루': '1/2큰술', '깨소금': '1작은술'}"
47,"{'대구살': '300g', '생강즙': '1작은술', '식용유': '3컵', '육수': '1컵', '목이버섯': '30g', '양파': '1/2개씩', '당근': '1/2개씩', '피망': '1개', '파인애플': '1쪽', '식초': '2큰술', '설탕': '3큰술', '계란': '1개', '녹말': '4큰술', '청주': '1큰술', '토마토케첩': '1큰술', '마늘': '1쪽', '간장': '1작은술', '소금': '조금씩', '후춧가루': '조금씩'}"
48,"{'갈비': '1.2kg', '배즙': '4큰술', '양파즙': '2큰술', '물엿': '2큰술', '설탕': '2큰술', '통깨': '약간', '참기름': '약간', '후춧가루': '약간', '청주': '2큰술', '간장': '1/4컵', '육수': '1/4컵', '대파': '1/2뿌리', '마늘': '3쪽', '양파': '1/2개', '상추': '약간', '깻잎': '약간', '생강즙': '1작은술', '월계수잎': '3장'}"
49,"{'계란': '1개', '당근': '1/2개', '통마늘': '3톨', '육수': '2컵', '버터': '2큰술', '샐러리': '2대', '쇠고기': '50g', '양파': '1/2개', '밀가루': '1/2컵', '월계수잎': '2장', '돼기고기': '400g', '레드와인': '3큰술', '토마토케찹': '5큰술', '빵가루': '3컵', '식용유': '3컵', '소금': '약간', '후춧가루': '약간'}"
50,"{'쇠고기': '1.2kg', '무': '1/2개', '당근': '1개', '표고버섯': '8장', '밤': '8개', '계란': '1개', '홍고추': '2개', '은행': '8알', '잣': '1큰술', '간장': '1컵', '설탕': '1/2컵', '청주': '4큰술', '배': '1/2개', '다진파': '4큰술', '다진마늘': '2큰술', '깨소금': '약간', '참기름': '약간', '후춧가루': '약간', '대파': '2대'}"
51,"{'돼기고기': '600g', '된장': '2큰술', '생강': '1쪽', '배추': '1/2포기', '무명실': '약간', '새우젓': '2큰술', '고춧가루': '3큰술', '다진파': '1큰술', '다진마늘': '1작은술', '깨소금': '약간', '참기름': '약간', '무': '200g', '굴': '50g', '미나리': '15g', '갓': '20g', '실파': '5뿌리', '젓국': '2큰술'}"
52,"{'홍합': '100g', '청주': '1큰술', '대파': '1/2뿌리', '소금': '약간', '파슬리': '약간', '고추장': '1과1/2큰술', '간장': '1과1/2큰술', '물엿': '3큰술', '다진마늘': '1큰술', '생강즙': '1/2큰', '깨소금': '1큰술', '참기름': '1큰술'}"
53,"{'청국장': '1컵', '쇠고기': '100g', '무': '1/6개', '배추김치': '1/4포기', '두부': '1/2모', '대파': '1/2뿌리', '다진마늘': '1큰술', '김칫국물': '약간', '소금': '약간', '물': '4컵'}"
54,"{'순두부': '800g', '돼기고기': '100g', '바지락': '200g', '배추김치': '200g', '양파': '1/2개', '대파': '1/2뿌리', '고춧가루': '2큰술', '다진마늘': '1큰술', '계란': '4개', '소금': '약간', '후춧가루': '약간', '식용유': '약간', '물': '3컵'}"
55,"{'동태': '1마리', '무': '300g', '애호박': '1/2개', '두부': '1/2모', '청고추': '3개', '홍고추': '3개', '대파': '1뿌리', '물': '5컵', '고추장': '4큰술', '고춧가루': '1큰술', '다진마늘': '2큰술', '다진생강': '1작은술', '소금': '약간'}"
56,"{'배추김치': '1/4포기', '돼기고기': '120g', '가래떡': '1컵', '대파': '1뿌리', '다진마늘': '1큰술', '참기름': '1작은술', '육수': '4컵', '고춧가루': '3큰술', '생강즙': '1/2작은술'}"
57,"{'흰콩': '1과1/2컵', '물': '1과1/2컵', '돼지고기': '200g', '배춧잎': '4장', '다진파': '3큰술', '다진마늘': '2큰술', '식용유': '약간', '소금': '약간', '간장': '3큰술', '고춧가루': '1/2큰술', '참기름': '1/2큰술', '깨소금': '1/2큰술'}"
58,"{'통북어': '2마리', '콩나물': '40g', '두부': '1/2모', '계란': '2개', '대파': '1뿌리', '다진마늘': '2작은술', '소금': '약간', '후춧가루': '약간', '참기름': '약간', '물': '8컵', '홍고추': '1개'}"
59,"{'유부': '5장', '우엉': '1/3뿌리', '쇠고기': '30g', '당근': '1/4개', '밥': '1공기', '간장': '2큰술', '청주': '1큰술', '설탕': '1큰술', '후춧가루': '조금'}"
60,"{'쌀': '2와1/2컵', '다시마': '1장', '청주': '1작은술', '소금': '약간', '식초': '4큰술', '설탕': '3큰술', '다진쇠고기': '20g', '표고버섯': '2장', '멸치': '10g', '단무지': '10g', '간장': '약간', '물엿': '약간', '김치': '20g', '후춧가루': '약간', '깨소금': '약간', '참기름': '약간', '고춧가루': '약간'}"
61,"{'해파리': '300g', '게맛살': '8개', '오이': '1개', '토마토': '2개', '다진마늘': '3큰술', '식초': '1/2컵', '육수': '1/2컵', '설탕': '3큰술', '간장': '1/2큰술', '소금': '1큰술', '참기름': '1큰술'}"
62,"{'배추': '10포기', '소금': '3컵', '고춧가루': '5컵', '물': '1컵', '무': '1개', '갓': '1/2단', '미나리': '1단', '실파': '1단', '배': '1개', '대파': '5뿌리', '마늘': '10쪽', '생강': '3쪽', '멸치젓': '2컵', '설탕': '1큰술', '깨소금': '1/2컵'}"
63,"{'열무': '2단', '풋배추': '1단', '소금': '1/2컵', '실파': '50g', '청고추': '3개', '홍고추': '13개', '마늘': '10쪽', '생강': '1쪽', '물': '18컵', '밀가루': '2큰술'}"
64,"{'오이': '10개', '소금': '약간', '고춧가루': '1컵', '부추': '1단', '다진파': '1큰술', '다진마늘': '1큰술', '다진생강': '1작은술', '설탕': '1큰술', '진간장': '3큰술', '청주': '1큰술', '[절임용 소금물] 소금': '2컵', '물': '10컵'}"
65,"{'배추': '1/2포기', '미나리': '30g', '홍고추': '2개', '생강': '1/2쪽', '무': '1개', '대파': '2뿌리', '마늘': '5쪽', '소금': '1컵', '고춧가루': '1/2컵', '물': '20컵'}"
66,"{'총각무': '1단', '소금': '2컵', '대파': '2뿌리', '고추가루': '1/2컵', '다진마늘': '5큰술', '다진생강': '2큰술', '멸치젓': '1/4컵', '새우젓': '1/4컵', '설탕': '3큰술', '찹쌀가루': '3큰술', '물': '1컵', '[절임용 소금물] 물': '10컵'}"
67,"{'무': '2개', '굴': '1컵', '소금': '1큰술', '고춧가루': '1컵', '미나리': '1/2단', '실파': '1/2단', '갓': '1단', '마늘': '5쪽', '새우젓': '1/2컵', '설탕': '1큰술'}"
68,"{'무': '10개', '고추': '20개', '소금': '3컵', '갓': '1/2단', '실파': '1/2단', '마늘': '5쪽', '대파': '5개', '배주머니': '5개', '물': '10컵'}"
69,"{'갓': '2단', '무': '300g', '소금': '1컵', '실파': '1단', '고춧가루': '1과1/2컵', '마늘': '5쪽', '생강': '1/2쪽', '멸치젓': '1/2컵', '깨소금': '2큰술', '밀가루': '3큰술', '물': '1컵'}"
70,"{'꽃게': '2마리', '애호박': '1/2개', '무': '1/3개', '느타리버섯': '20g', '청고추': '1개', '홍고추': '1개', '대파': '1/2뿌리', '고추장': '2큰술', '고춧가루': '2큰술', '다진마늘': '1/2큰술', '다진생강': '1작은술', '국간장': '2큰술', '소금': '약간', '후춧가루': '약간'}"
71,"{'돼지고기': '1kg', '감자': '4개', '대파': '2뿌리', '물': '6컵', '마늘': '4쪽', '생강': '1쪽', '간장': '1큰술', '고춧가루': '1큰술', '술': '1/2큰술', '소금': '조금', '후춧가루': '조금', '청정원맛선생': '약간'}"
72,"{'아구': '1마리', '콩나물': '50g', '고사리': '약간', '미나리': '한줌', '싸리버섯': '2개', '깻잎': '5장', '청고추': '3개', '홍고추': '3개', '대파': '3뿌리', '된장': '4큰술', '다진마늘': '1큰술', '고춧가루': '약간', '후춧가루': '약간', '물': '10컵'}"
73,"{'조기': '2마리', '무': '100g', '양파': '1개', '대파': '1뿌리', '마늘': '3쪽', '생강': '1쪽', '간장': '3큰술', '고추가루': '3큰술', '물': '10컵', '소금': '약간'}"
74,"{'명란': '8개', '쇠고기': '50g', '무': '1/4개', '콩나물': '70g', '대파': '1뿌리', '홍고추': '1개', '쑥갓': '2줄기', '물': '4컵', '간장': '2큰술', '다진파': '약간', '다진마늘': '약간', '청주': '1큰술', '소금': '약간', '후춧가루': '약간', '고춧가루': '2큰술', '[쇠고기양념] 간장': '1작은술', '설탕': '1/2작은술', '깨소금': '약간'}"
75,"{'우거지': '300g', '배춧잎': '200g', '된장': '4큰술', '마늘': '2쪽', '생강': '1/3개', '식용유': '1큰술', '쇠고기': '100g', '청고추': '2개', '홍고추': '1개', '대파': '1뿌리', '쌀뜨물': '9컵', '간장': '1/2큰술'}"
76,"{'쇠고기': '200g', '배춧잎': '5장', '팽이버섯': '1봉', '표고버섯': '3장', '당근': '1/4개', '느타리버섯': '2묶음', '양파': '1/2개', '대파': '1뿌리', '어묵': '30g', '곤약': '30g', '무': '30g', '국수': '200g', '쑥갓': '약간', '다시마': '1장', '청주': '3큰술', '소금': '약간', '간장': '3큰술', '식초': '3큰술', '물': '6컵'}"
77,"{'국수': '400g', '쇠고기': '200g', '배추': '100g', '애호박': '1/2개', '느타리버섯': '100g', '양파': '1개', '대파': '2뿌리', '물': '8컵', '소금': '약간', '고춧가루': '2큰술', '진간장': '2큰술', '다진마늘': '1큰술', '후춧가루': '조금씩', '식용유': '약간'}"
78,"{'낙지': '2마리', '새우': '60g', '쇠고기': '80g', '두부': '1/4모', '실파': '5뿌리', '표고버섯': '3장', '홍고추': '2개', '쑥갓': '약간', '계란': '1개', '밀가루': '약간', '소금': '약간', '식용유': '약간', '물': '4컵', '간장': '2큰술', '다진파': '2큰술', '다진마늘': '1작은술', '깨소금': '약간', '참기름': '약간', '설탕': '약간'}"
79,"{'선지': '400g', '우거지': '100g', '콩나물': '40g', '된장': '2큰술', '고추장': '1큰술', '다진마늘': '1큰술', '진간장': '4큰술', '고춧가루': '1큰술', '다진파': '4큰술', '깨소금': '조금', '참기름': '조금'}"
80,"{'밥': '4공기', '콩나물': '300g', '김치': '200g', '다진마늘': '1큰술', '실파': '1뿌리', '장조림': '80g', '청고추': '2개', '깨소금': '1큰술', '김': '2장', '계란': '4개', '쇠고기육수': '2컵', '새우젓': '약간'}"
81,"{'쇠고기': '400g', '양': '600g', '무': '400g', '대파': '2뿌리', '마늘': '8쪽', '국간장': '4큰술', '소금': '약간', '후추': '약간', '국수': '100g', '다진파': '1큰술', '다진마늘': '1큰술', '진간장': '4큰술', '참기름': '약간'}"
82,"{'소 잡뼈': '300g', '사골': '1개', '도가니': '1개', '양지머리': '600g', '파': '1뿌리', '마늘': '1통', '밀국수': '100g', '소금': '약간', '후추': '약간', '물': '20컵'}"
83,"{'도가니': '1/2개', '쇠고기': '400g', '물': '20컵', '생강': '1작은술', '소금': '1큰술', '파': '2뿌리', '다진파': '4큰술', '고추가루': '4큰술', '다진마늘': '3큰술', '진간장': '2큰술', '후추': '약간'}"
84,"{'쇠고기': '600g', '무': '400g', '당면': '100g', '대파': '2뿌리', '통마늘': '6쪽', '소금': '약간', '국간장': '3큰술', '다진파': '1큰술', '청주': '1큰술', '참기름': '약간', '후추': '약간'}"
85,"{'쇠고기': '800g', '무': '400g', '물': '10컵', '국간장': '3큰술', '다진파': '2큰술', '다진마늘': '1큰술', '참기름': '1작은술', '후추': '약간'}"
86,"{'부추': '4단', '다진마늘': '3큰술', '생강': '1/2쪽', '홍고추': '3개', '멸치젓': '1/2컵', '고춧가루': '1/2컵', '설탕': '1큰술', '소금': '약간'}"
87,"{'실파': '2단', '까나리액젓': '1컵', '다진마늘': '1과 1/2작은술', '다진생강': '1작은술', '고춧가루': '1컵', '설탕': '2큰술', '소금': '약간', '깨소금': '2큰술'}"
88,"{'배추': '5포기', '무': '2개', '밤': '10개', '배': '3개', '대추': '10개', '다진마늘': '4큰술', '석이버섯': '약간', '대파': '2뿌리', '미나리': '1/2단', '실고추': '5g', '잣': '2큰술', '[절임용소금물] 소금': '3컵', '물': '30컵', '말린표고버섯': '2개', '통생강': '1개', '[국물용 소금물] 소금': '6큰술'}"
89,"{'깻잎': '100장', '진간장': '1컵', '고춧가루': '2큰술', '파': '2뿌리', '마늘': '5쪽', '생강': '1쪽', '깨소금': '2큰술', '실고추': '5g'}"
90,"{'오이': '10개', '고추장': '1/2컵', '홍고추': '1개', '실파': '1뿌리', '다진마늘': '1큰술', '고춧가루': '1/2큰술', '참기름': '1작은술', '깨소금': '1작은술', '설탕': '1작은술'}"
91,"{'콩': '2컵', '설탕': '1/2컵', '간장': '1컵', '깨소금': '약간', '물': '1컵', '참기름': '약간'}"
92,"{'쇠고기': '400g', '대파': '1/2뿌리', '마늘': '1통', '생강': '1쪽', '물': '4컵', '계란': '4개', '홍고추': '2개', '진간장': '1컵', '설탕': '1/4컵', '참기름': '약간'}"
93,"{'연근': '300g', '식용유': '2큰술', '통깨': '1작은술', '진간장': '3큰술', '설탕': '1큰술', '청주': '1큰술', '물': '5큰술'}"
94,"{'실파': '1단', '굴': '1/2컵', '홍합': '1/2컵', '조갯살': '1/2컵', '밀가루': '1컵', '계란': '2개', '식용유': '약간', '소금': '약간', '멥쌀': '1컵'}"
95,"{'오이': '2개', '소금': '2작은술', '다진파': '1큰술', '다진마늘': '1/2큰술', '깨소금': '1/2큰술', '참기름': '1큰술', '실고추': '약간'}"
96,"{'냉이': '100g', '모시조개': '1컵', '된장': '3큰술', '다시마': '10cm', '대파': '1뿌리', '마늘': '3쪽', '물': '10컵', '소금': '약간'}"
97,"{'계란': '4개', '다진파': '1큰술', '다진마늘': '1작은술', '소금': '1작은술', '후춧가루': '약간', '물': '1컵', '식용유': '2큰술', '다시마': '5cm'}"
98,"{'닭': '1마리', '진간장': '4큰술', '마늘': '2작은술', '후춧가루': '약간', '녹말': '4큰술', '고추장': '2큰술', '물엿': '2큰술', '술': '3큰술', '깨소금': '약간'}"
99,"{'배추': '1/4통', '소금': '5큰술', '다진파': '2큰술', '다진마늘': '1큰술', '다진생강': '1/2큰술', '고춧가루': '1/4컵', '진간장': '1큰술', '새우젓': '1큰술', '설탕': '2큰술', '통깨': '1작은술', '참기름': '약간'}"
100,"{'더덕': '200g', '간장': '1큰술', '참기름': '1작은술', '고추장': '2큰술', '물': '2큰술', '설탕': '1큰술', '고춧가루': '1/2큰술', '다진파': '1큰술', '다진마늘': '1작은술', '깨소금': '1작은술'}"
101,"{'감자': '3개', '멸치': '100g', '꽈리고추': '10개', '식용유': '3큰술', '진간장': '3큰술', '물엿': '1큰술', '청주': '1큰술', '깨소금': '약간'}"
102,"{'마른오징어': '2마리', '물': '2컵', '참기름': '1큰술', '청고추': '5개', '진간장': '4큰술', '설탕': '1큰술', '다진마늘': '1큰술', '깨소금': '약간', '다진파': '1큰술', '후춧가루': '약간'}"
103,"{'죽순': '50g', '쇠고기': '50g', '술': '1작은술', '간장': '1작은술', '녹말': '1작은술', '소금': '약간', '후춧가루': '약간', '식용유': '1큰술', '참기름': '1작은술', '다진마늘': '1작은술', '생강즙': '1작은술', '마늘종': '30g'}"
104,"{'애호박': '1개', '소금': '약간', '밀가루': '2큰술', '계란': '2개', '진간장': '1큰술', '식초': '1작은술', '쑥갓': '약간', '식용유': '3큰술'}"
105,"{'물': '6큰술', '홍피망': '1개', '간장': '2큰술', '당근': '1/3개', '설탕': '2큰술', '식용유': '2컵', '죽순': '1/4개', '계란흰자': '1개', '표고버섯': '3장', '돼지고기': '300g', '녹말': '1큰술', '청피망': '1개', '식초': '2큰술', '녹말가루': '2작은술'}"
106,"{'메주콩': '1컵', '계란': '4개', '칵테일새우': '4개', '장식용어묵': '10g', '은행': '4알', '소금': '약간', '새우젓': '약간', '실파': '약간', '통깨': '약간', '잣': '약간'}"
107,"{'쇠고기': '500g', '진간장': '4큰술', '배즙': '4큰술', '설탕': '2큰술', '다진파': '3큰술', '다진마늘': '1큰술', '깨소금': '1큰술', '후춧가루': '약간', '참기름': '1큰술'}"
108,"{'부추': '1단', '청고추': '2개', '홍고추': '2개', '밀가루': '3컵', '계란': '1개', '소금': '약간'}"
109,"{'돼지갈비': '600g', '생강즙': '2큰술', '술': '2큰술', '진간장': '5큰술', '다진파': '2큰술', '다진마늘': '1큰술', '고춧가루': '1큰술', '설탕': '2큰술', '깨소금': '조금', '상추': '조금', '깻잎': '조금'}"
110,"{'쌀': '3컵', '식초': '3큰술', '설탕': '1큰술', '소금': '1작은술', '참치': '150g', '오징어': '150g', '문어': '100g', '새우': '8마리', '고추냉이': '약간'}"
111,"{'꽁치': '1통', '무': '50g', '진간장': '2큰술', '생강즙': '약간', '다진파': '1큰술', '다진마늘': '1작은술', '고춧가루': '1/2큰술', '물': '1/2컵', '식용유': '1큰술'}"
112,"{'김치': '200g', '쇠고기': '100g', '표고버섯': '5장', '통도라지': '100g', '밀가루': '1/2컵', '계란': '3개', '식용유': '3큰술', '참기름': '약간', '소금': '약간'}"
113,"{'낙지': '2마리', '소금': '1큰술', '양파': '1개', '호박': '1/2개', '대파': '2뿌리', '청고추': '2개', '홍고추': '2개', '고추장': '2큰술', '고춧가루': '1/2큰술', '간장': '1큰술', '참기름': '1/2큰술', '생강즙': '약간', '설탕': '1작은술', '깨소금': '1큰술'}"
114,"{'두부': '1모', '배추김치': '1/2포기', '다진파': '1큰술', '다진마늘': '1/2큰술', '깻잎': '10장', '깨소금': '1큰술', '참기름': '1큰술', '소금': '약간'}"
115,"{'계란': '4개', '우유': '2큰술', '소금': '1/3작은술', '후춧가루': '약간', '식용유': '1큰술', '버터': '1큰술', '토마토케첩': '약간'}"
116,"{'양배추': '4장', '쇠고기': '100g', '돼지고기': '100g', '양파': '1/4개', '당근': '1/4개', '계란': '1/2개', '소금': '1/3작은술', '후춧가루': '약간', '넛맥': '1/5작은술', '빵가루': '1/3컵', '물': '2컵', '간장': '1/2큰술'}"
117,"{'두부': '1모', '미역': '100g', '양파': '1/2개', '홍고추': '1/2개', '간장': '1/4컵', '참기름': '1큰술', '설탕': '1큰술', '통깨': '1큰술'}"
118,"{'밥': '800g', '계란': '2개', '돼지고기': '200g', '당근': '50g', '양파': '1개', '표고버섯': '4장', '대파': '1뿌리', '소금': '약간', '후춧가루': '약간', '식용유': '약간'}"
119,"{'라면': '4개', '배추김치': '1/4포기', '표고버섯': '4개', '콩나물': '50g', '청고추': '1개', '홍고추': '1개', '당근': '1/8개', '햄': '30g', '게맛살': '2개', '다진마늘': '1큰술', '대파': '1/2뿌리', '고춧가루': '2큰술', '참기름': '약간', '깨소금': '약간'}"
120,"{'계란': '4개', '국수': '100g', '새우': '200g', '게맛살': '2개', '치커리': '약간', '미나리': '약간', '다시물': '1/2컵', '간장': '2큰술', '맛술': '1큰술', '와사비': '약간', '무': '약간', '소금': '약간'}"
121,"{'꽁치': '2마리', '소금': '1/2작은술', '실파': '1뿌리', '간장': '4큰술', '설탕': '2큰술', '청주': '3큰술', '물': '2큰술', '생강': '1쪽'}"
122,"{'감자': '1개', '청고추': '2개', '홍고추': '1개', '식용유': '2와1/2큰술', '간장': '1큰술', '참기름': '1큰술', '설탕': '1작은술', '소금': '1/2작은술', '흰후춧가루': '약간'}"
123,"{'가는파': '100g', '양파': '1/4개', '돼지고기': '80g', '청주': '1작은술', '간장': '1큰술', '생강': '1쪽', '굵은파': '1/2뿌리', '마늘': '2쪽', '식용유': '3큰술', '후춧가루': '약간', '소금': '1/2작은술', '참기름': '1작은술'}"
124,"{'도토리묵': '1/2모', '청포묵': '1/2모', '오이': '1/2개', '게맛살': '1개', '간장': '2큰술', '설탕': '1작은술', '식초': '1큰술', '홍고추': '1개', '참기름': '1작은술', '깨소금': '1작은술'}"
125,"{'고등어': '1마리', '소금': '1/2작은술', '청주': '1큰술', '녹말': '1/3컵', '식용유': '약간', '간장': '2큰술', '설탕': '2작은술', '미림': '1큰술', '마른고추': '1개', '생강': '1쪽', '물': '1/2컵'}"
126,"{'가지': '1개', '마른새우': '20g', '식용유': '1큰술', '진간장': '1작은술', '다진파': '1작은술', '다진마늘': '1작은술', '참기름': '1/2큰술', '깨소금': '1/2큰술', '소금': '약간'}"
127,"{'쇠고기': '400g', '팽이버섯': '2봉지', '당근': '1토막', '부추': '150g', '육수': '5컵', '물': '4컵', '다시마': '15cm', '술': '3큰술', '깨소금': '4큰술', '된장': '1큰술', '설탕': '1큰술', '간장': '2큰술', '맛술': '2큰술'}"
128,"{'쇠고기': '300g', '양파': '1개', '다진파': '1큰술', '다진마늘': '1/2큰술', '간장': '3큰술', '설탕': '2큰술', '깨소금': '약간', '참기름': '1큰술', '후춧가루': '1작은술', '밀가루': '약간'}"
129,"{'골뱅이통조림': '200g', '오이': '50g', '대파': '30g', '양파': '50g', '당근': '30g', '샐러리': '½대', '고추장': '3큰술', '고춧가루': '3큰술', '식초': '3큰술', '진간장': '1큰술', '설탕': '1과½큰술', '깨소금': '1큰술', '참기름': '1큰술', '다진마늘': '2큰술', '소면': '100g'}"
130,"{'두부': '1/2모', '홍고추': '약간', '간장': '1과1/2큰술', '설탕': '1/2큰술', '물엿': '1/2큰술', '후춧가루': '약간', '통깨': '약간', '참기름': '약간', '실고추': '약간'}"
131,"{'쇠고기': '30g', '배': '1/4쪽', '잣가루': '1작은술', '오이': '1/2개', '잣': '약간', '상추': '4장', '간장': '2와1/2작은술', '참기름': '1작은술', '깨소금': '1작은술', '후춧가루': '1/2작은술', '설탕': '1과1/2작은술', '계란노른자': '1개'}"
132,"{'스파게티': '150g', '생크림': '3/4컵', '햄': '10g', '베이컨': '10g', '바질': '1/2작은술', '양파': '5g', '화이트와인': '약간', '버터': '7g', '소금': '약간', '우유': '1컵', '후춧가루': '약간'}"
133,"{'닭고기': '2마리', '찹쌀': '1/2컵', '마늘': '4쪽', '대추': '4개', '수삼': '4뿌리', '대파': '1뿌리', '생강': '1쪽', '물': '8컵', '소금': '약간', '후춧가루': '약간'}"
134,"{'밥': '300g', '쇠고기': '100g', '당근': '30g', '식용유': '약간', '소금': '약간', '간장': '1큰술', '설탕': '1/2큰술', '다진파': '2작은술', '다진마늘': '1작은술', '참기름': '1작은술', '후춧가루': '약간', '상추': '2장', '깨소금': '약간', '파슬리': '10g', '토마토': '1개', '청피망': '30g'}"
135,"{'유부': '10장', '계란': '4개', '물': '1컵', '간장': '1작은술', '소금': '1작은술', '설탕': '1작은술', '후춧가루': '약간', '실파': '12뿌리', '맛살': '30g'}"
136,"{'감자': '2개', '버터': '3큰술', '우유': '3큰술', '설탕': '4작은술', '계핏가루': '1/2작은술', '파슬리가루': '약간', '후루츠칵테일': '50g', '은박컵': '1개'}"
137,"{'식빵': '4장', '쇠고기': '200g', '양상추': '4잎', '토마토': '1개', '피클': '4개', '슬라이스치즈': '4장', '버터': '2큰술', '겨자': '2작은술', '소금': '1/4작은술', '후춧가루': '약간'}"
138,"{'밥': '4공기', '쇠고기': '80g', '느타리버섯': '100g', '표고버섯': '3장', '양송이버섯': '3개', '목이버섯': '6장', '팽이버섯': '1/2봉지', '양파': '1/2개', '당근': '1/3개', '미나리': '3줄기', '간장': '2작은술', '들깨': '1큰술', '육수': '약간', '녹말': '2큰술', '참기름': '1작은술', '후춧가루': '약간', '설탕': '1작은술', '청주': '1~2큰술', '다진마늘': '약간'}"
139,"{'양상추': '50g', '닭고기': '100g', '수삼': '1뿌리', '배': '1/4개', '밤': '4개', '대추': '2개', '오이': '1/4개', '머스터드': '2작은술', '마요네즈': '3큰술', '설탕': '1큰술', '후춧가루': '약간', '레몬즙': '1큰술', '요리술': '약간', '소금': '약간'}"
140,"{'컬리플라워': '200g', '오징어': '1마리', '새우': '8마리', '마요네즈': '3큰술', '머스터드': '2작은술', '소금': '약간'}"
141,"{'사과': '1개', '자몽': '1개', '샐러리': '1대', '오이': '1개', '딸기': '4개', '오렌지마요네즈': '4큰술'}"
142,"{'훈제연어': '160g', '앤다이브': '40g', '트레비스': '30g', '양파': '30g', '케이퍼': '약간', '다진양파': '1작은술', '올리브오일': '2큰술'}"
143,"{'시금치': '70g', '양송이버섯': '4개', '베이컨': '4장', '파마산치즈치즈': '1큰술', '레몬드레싱': '4큰술', '레몬주스': '1/2컵', '올리브오일': '1과 1/2컵', '소금': '약간', '후춧가루': '약간'}"
144,"{'감자': '2개', '당근': '1개', '양파': '1개', '샐러리': '2대', '양송이버섯': '8개', '홀토마토': '4개', '물': '6컵', '월계수잎': '1장', '버터': '2큰술', '소금': '약간', '후춧가루': '약간'}"
145,"{'햄': '150g', '프랑크소시지': '2개', '베이컨': '5장', '김치': '1/2포기', '두부': '1/3모', '홍고추': '2개', '청고추': '2개', '깻잎': '10장', '스파게티': '50g', '쑥갓': '약간', '양송이버섯': '2개', '물': '4컵', '고춧가루': '3큰술', '고추장': '1작은술', '설탕': '1큰술', '다진파': '1큰술', '다진마늘': '1작은술'}"
146,"{'곱창': '300g', '양': '150g', '대파': '1뿌리', '마늘': '2쪽', '생강': '1톨', '물': '6컵', '당근': '⅓개', '양배추': '100g', '양파': '1개', '표고버섯': '4장', '미나리': '60g', '우동면': '100g', '쑥갓': '약간', '소금': '약간', '후추': '약간', '고춧가루': '1큰술', '고추장': '1큰술', '간장': '1큰술', '다진파': '2큰술', '밀가루': '약간'}"
147,"{'아귀': '500g', '미더덕': '120g', '콩나물': '300g', '미나리': '50g', '대파': '1대', '깻잎': '10장', '찹쌀가루': '4큰술', '참기름': '1작은술', '통후추': '약간', '소금': '약간', '고춧가루': '3큰술', '고추장': '1큰술', '진간장': '½큰술', '설탕': '1작은술'}"
148,"{'강력분': '300g', '드라이이스트': '6g', '설탕': '30g', '소금': '5g', '계란': '1개', '우유': '½컵', '버터': '45g', '오렌지마멀레이드': '100g', '건포도': '약간', '계란노른자': '½개', '검은깨': '1큰술'}"
149,"{'돼지고기': '300g', '소금': '¼작은술', '생강즙': '2작은술', '붉은 고추': '5개', '무순': '1봉', '찹쌀가루': '3큰술', '후추': '약간', '식용유': '약간', '꼬치': nan}"
150,"{'배추': '200g', '무': '1/4개', '쇠고기': '60g', '물': '8컵', '대파': '1/2뿌리', '식용유': '약간', '고추장': '2작은술', '된장': '2큰술', '소금': '약간', '다진파': '1작은술', '다진마늘': '1작은술', '참기름': '1작은술', '깨소금': '1작은술', '후춧가루': '약간'}"
151,"{'멥쌀': '2되', '소금': '약간', '쑥': '300g', '대추': '10알', '솔잎': '약간', '참기름': '약간', '풋콩': '1컵', '깨': '1/2컵씩', '녹두': '1/2컵씩', '꿀': '2큰술', '설탕': '2큰술', '물': '10컵', '계핏가루': '약간'}"
152,"{'녹두': '2컵', '물': '1과1/3컵', '소금': '1작은술', '돼지고기': '100g', '숙주': '100g', '느타리버섯': '200g', '석이버섯': '4장', '대파': '1/4뿌리', '실고추': '약간', '간장': '2작은술', '다진파': '1큰술', '다진마늘': '1/2큰술', '참기름': '1작은술', '깨소금': '1작은술', '후춧가루': '약간', '포도씨유': '약간'}"
153,"{'쇠고기(힘줄없는부위)': '150g', '표고버섯': '3장', '도라지': '100g', '당근': '1개', '오이': '1개', '식용유/소금/참기름/잣가루': '약간씩', '진간장': '2큰술', '설탕': '1큰술', '다진파': '1큰술', '다진마늘': '2작은술', '깨소금': '2작은술', '참기름': '1작은술', '후추': '약간'}"
154,"{'토란': '300g', '쇠고기': '200g', '다시마': '15cm', '무': '200g', '대파': '1/2뿌리', '국간장': '1큰술', '다진마늘': '1큰술', '후춧가루': '약간', '참기름': '약간', '소금': '약간'}"
155,"{'쇠고기': '100g', '목이버섯': '5g', '팽이버섯': '40g', '실파': '2뿌리', '홍고추': '3개', '물': '3컵', '국간장': '1작은술', '소금': '약간', '간장': '1큰술', '설탕': '1작은술', '다진파': '1작은술', '다진마늘': '1/2큰술', '참기름': '1큰술', '깨소금': '1/2큰술', '후춧가루': '약간'}"
156,"{'고등어': '1마리', '무': '1/3개', '대파': '1/2뿌리', '간장': '2큰술', '고추장': '1큰술', '고춧가루': '1큰술', '설탕': '1큰술', '청주': '1큰술', '다진파': '3큰술', '다진마늘': '2큰술', '생강즙': '1큰술', '후춧가루': '1/4작은술', '실고추': '약간', '물': '2/3컵'}"
157,"{'당면': '100g', '쇠고기': '100g', '느타리버섯': '800g', '양파': '1/2개', '배': '1/4개', '오이': '1/2개', '당근': '1/2개', '소금': '약간', '후춧가루': '약간', '참기름': '약간', '통깨': '약간', '간장': '2/3큰술', '꿀': '1큰술', '[쇠고기양념] 다진파': '1작은술', '다진마늘': '1/2작은술', '식용유': '1큰술', '설탕': '1/2작은술'}"
158,"{'고추장': '1큰술', '양파': '1/4개', '마늘': '5톨', '파': '1/5뿌리', '고춧가루': '1큰술', '참기름': '1작은술', '된장': '3큰술'}"
159,"{'배추김치': '1/8포기', '돼지고기': '80g', '죽순': '50g', '양송이버섯': '2개', '피망': '1/2개', '마른고추': '1개', '대파': '1/2뿌리', '마늘': '2톨', '생강': '1/3개', '청주': '1큰술', '소금': '약간', '후추': '약간', '참기름': '약간', '간장': '1작은술', '식용유': '약간'}"
160,"{'닭': '500g', '식용유': '1큰술', '간장': '1큰술', '청주': '1큰술', '다진마늘': '1큰술', '생강즙': '1작은술', '다진파': '2큰술', '후춧가루': '약간', '녹말가루': '3큰술', '튀김가루': '3큰술', '소금': '약간'}"
161,"{'오징어': '2마리', '쇠고기': '70g', '표고버섯': '2장', '당근': '30g', '두부': '50g', '당면': '30g', '피망': '40g', '양상추': '30g', '설탕': '1/2큰술', '다진파': '2큰술', '다진마늘': '1큰술', '참기름': '1큰술', '후춧가루': '⅛작은술', '간장': '2큰술', '식초': '2작은술', '깨소금': '1/4작은술', '통깨': '약간', '깻잎': '3장', '다진파슬리': '약간', '샐러리': '약간'}"
162,"{'누룽지': '3조각', '표고버섯': '2장', '죽순': '30g', '새우': '1과1/2컵', '완두콩': '2큰술', '홍고추': '2개', '마늘': '3쪽', '소금': '약간', '식용유': '2큰술', '설탕': '6큰술', '간장': '3/4큰술', '식초': '4큰술', '녹말': '1과1/2큰술', '물': '1과1/2큰술'}"
163,"{'가래떡': '1줄', '고추장': '1큰술', '간장': '1작은술', '다진마늘': '1작은술', '토마토케첩': '1큰술', '설탕': '2작은술', '참기름': '1작은술', '적파프리카': '1/2개', '꼬치': '3개', '황파프리카': '1/2개', '브로콜리': '약간'}"
164,"{'찬밥': '1공기', '양파': '1/4개', '당근': '30g', '실파': '2뿌리', '두부': '50g', '계란': '1개', '소금': '약간', '후춧가루': '약간', '날콩가루': '약간', '식용유': '약간'}"
165,"{'팥': '300g', '쌀': '1과1/2컵', '물': '18컵', '소금': '약간', '찹쌀': '1과1/3컵', '쌀가루': '2/3컵', '찬물': '3/4컵'}"
166,"{'밀가루': '150g', '버터': '150g', '물': '3큰술', '삶은팥': '1컵', '아몬드가루': '50g', '슈가파우더': '약간', '설탕': '50g', '계란': '1개', '소금': '약간'}"
167,"{'고구마줄기': '25g', '들기름': '2큰술', '국간장': '1큰술', '다진파': '1큰술', '다진마늘': '1/2큰술', '참기름': '1큰술', '깨소금': '1큰술', '설탕': '약간', '소금': '약간'}"
168,"{'어묵': '2개', '닭고기': '100g', '표고버섯': '1장', '오이': '1/4개', '소금': '약간', '후춧가루': '약간', '녹말': '약간', '간장': '2큰술', '청주': '1큰술', '물': '1컵'}"
169,"{'가래떡': '500g', '쇠고기 육수': '8컵', '대파': '1뿌리', '쇠고기': '100g', '계란': '1개', '소금': '약간', '간장': '1큰술', '설탕': '1/2큰술', '다진파': '2작은술', '다진마늘': '1작은술', '깨소금': '1작은술', '참기름': '1작은술', '후춧가루': '약간'}"
170,"{'멥쌀': '10컵', '소금': '2큰술', '쑥': '20g', '참기름': '약간'}"
171,"{'생강': '10개', '통계피': '100g', '물': '20컵', '황설탕': '280g', '곶감': '10개', '호두': '10알', '잣': '2큰술'}"
172,"{'닭고기': '1마리', '소금': '1큰술', '후춧가루': '1큰술', '정종': '1큰술', '감자전분': '5큰술', '계란': '1/2개', '대파': '1/2개', '홍고추': '2개', '청고추': '1개', '생강': '1쪽', '마늘': '3쪽', '간장': '3큰술', '설탕': '2큰술', '식초': '2큰술', '물': '4큰술'}"
173,"{'찹쌀': '5컵', '멥쌀': '5컵', '물': '10큰술', '팥': '4컵', '소금': '2큰술', '밀가루': '적당량'}"
174,"{'두부': '1모', '다진쇠고기': '100g', '소금': '1작은술', '후춧가루': '1/4작은술', '실파': '약간', '물': '7컵', '다시마': '1장', '무': '200g', '국간장': '2작은술'}"
175,"{'다진쇠고기': '400g', '두부': '100g', '무': '200g', '당근': '200g', '밤': '10톨', '소금': '1/2작은술', '후춧가루': '1/4작은술', '깨소금': '1/2큰술', '참기름': '1작은술', '물': '3컵', '간장': '3큰술', '설탕': '1과1/2큰술', '다진파': '1큰술', '다진마늘': '1/2큰술'}"
176,"{'오징어': '1마리', '낙지': '1마리', '새우': '4마리', '조개살': '150g', '양파': '1개', '청피망': '1개', '홍피망': '1개', '당면': '50g', '간장': '1큰술', '설탕': '1작은술', '참기름': '1큰술', '식용유': '약간', '소금': '약간', '굴소스': '1큰술', '당근': '1/2개'}"
177,"{'떡국떡': '2컵', '다시마': '1장', '다진마늘': '약간', '물': '7컵', '간장': '약간', '소금': '약간', '대파': '1/4뿌리', '말린표고버섯': '3장', '계란': '1개'}"
178,"{'찹쌀': '2컵', '팥': '2/3컵', '대추': '5알', '밤': '5톨', '소금': '1/2작은술'}"
179,"{'쌀': '2컵', '물': '1과 1/3컵', '콩나물': '500g', '돼지고기': '150g', '참기름': '2큰술', '무': '1/5개', '취나물': '150g', '진간장': '6큰술', '다진파': '2큰술', '다진마늘': '1½큰술', '깨소금': '1큰술', '다진풋고추': '1큰술'}"
180,"{'케일': '약간', '치커리': '약간', '청경채': '약간', '겨자잎': '약간', '참기름': '약간', '밥': '2공기', '소금': '약간', '흑임자': '약간', '건새우가루': '1큰술', '된장': '3큰술', '고추장': '1큰술', '청고추': '1/2개', '홍고추': '1/2개', '설탕': '1/2큰술', '다진마늘': '1/2큰술'}"
181,"{'달래': '50g', '두부': '1/2모', '말린표고버섯': '1장', '홍고추': '1개', '청양고추': '1개', '다진마늘': '1작은술', '대파': '1/4뿌리', '된장': '2큰술', '육수용멸치': '한줌', '물': '3컵', '바지락': '약간'}"
182,"{'쑥': '50g', '표고버섯': '3장', '양송이': '50g', '다진마늘': '1작은술', '간장': '2작은술', '설탕': '약간', '소금': '약간', '후춧가루': '약간', '식용유': '약간', '느타리버섯': '50g'}"
183,"{'닭고기': '200g', '명란젓': '2개', '마요네즈': '1큰술', '김': '1/2장', '계란': '1개', '당근': '30g', '대파': '1/2대', '소금': '약간', '후춧가루': '약간', '녹말가루': '약간', '밀가루': '약간', '빵가루': '약간', '식용유': '약간'}"
184,"{'봄동': '150g', '바지락': '100g', '홍고추': '1개', '실파': '3뿌리', '식용유': '2큰술', '다진마늘': '1큰술', '청주': '1큰술', '물': '1/2컵', '굴소스': '1/2큰술', '소금': '약간', '후춧가루': '약간'}"
185,"{'김치': '1/6포기', '감자': '1개', '두부': '1/4모', '당근': '1/4개', '피망': '1/2개', '계란': '1개', '다진마늘': '약간', '밀가루': '5큰술', '소금': '약간', '후춧가루': '약간', '참빛고운포도씨유': '약간'}"
186,"{'찬밥': '1공기', '옥수수': '200g', '소금': '1/2작은술', '계란': '1/2개', '녹말가루': '6큰술', '물': '1큰술', '설탕': '1/2컵', '식용유': '3컵'}"
187,"{'양배추': '100g', '모시조개': '1봉지', '된장': '4큰술', '다진마늘': '1큰술', '실파': '1뿌리', '물': '6컵', '다시마': '1장', '멸치': '한줌'}"
188,"{'오징어': '1마리', '쇠고기': '100g', '풋고추': '1개', '홍고추': '1개', '대파': '1/3대', '물': '3컵', '간장': '1작은술', '후춧가루': '약간', '고추장': '2큰술', '고춧가루': '1/2큰술', '마늘': '2작은술', '참기름': '1/4작은술'}"
189,"{'오이': '4개', '양파': '1/2개', '홍고추': '2개', '정향': '4개', '통후추': '5알', '월계수잎': '2장', '통계피': '10g', '통생강': '1개', '소금': '5큰술', '물': '5컵', '식초': '3컵', '설탕': '1컵', '당근': '1/2개', '[절임용 소금물] 소금': '1컵'}"
190,"{'멥쌀': '2컵', '찹쌀': '1/2컵', '밤': '10톨', '은행': '10알', '대추': '10알', '잣': '20g', '송이버섯': '2개', '물': '적당량'}"
191,"{'시금치': '300g', '말린새우': '30g', '물': '7컵', '된장': '3큰술', '다진마늘': '1큰술', '소금': '약간'}"
192,"{'김치잎': '5장', '깻잎': '4장', '양배추': '4장', '근대잎': '4장', '밥': '2공기', '쇠고기': '150g', '소금': '약간', '후춧가루': '약간', '식용유': '약간', '간장': '1큰술', '다진파': '1큰술', '설탕': '1/2큰술', '마늘': '1/2큰술', '참기름': '1작은술', '깨소금': '1작은술'}"
193,"{'찹쌀': '2컵', '멥쌀': '1컵', '팥': '1/2컵', '팥삶은물': '2컵', '소금': '1작은술', '밤': '4톨', '대추': '4알'}"
194,"{'밥': '2공기', '계란': '4개', '말린 표고버섯': '2개', '당근': '30g', '미나리': '10줄기', '소금': '1/2작은술', '식용유': '약간', '오이': '1/2개', '식초': '1큰술', '설탕': '1큰술', '다시마': '1조각'}"
195,"{'어묵': '150g', '대파': '1뿌리', '홍고추': '1개', '소금': '약간', '다시물': '4컵', '간장': '2큰술', '맛술': '1큰술', '청주': '1큰술'}"
196,"{'모시조개': '150g', '죽순': '1쪽', '대파': '1뿌리', '레몬': '1/4쪽', '소금': '약간'}"
197,"{'왜된장': '2와1/2큰술', '맛국물': '4컵', '두부': '50g', '미역': '10g', '실파': '4뿌리'}"
198,"{'생새우': '70g', '콘프레이크': '10g', '계란흰자': '1/2개', '생크림': '1큰술', '당근': '15g', '호박': '15g', '죽순': '10g', '만두피': '12장', '소금': '약간', '통후추': '약간'}"
199,"{'불린쌀': '1컵', '잣': '1/2컵', '물': '4컵', '대추': '1개', '소금': '약간'}"
200,"{'청고추': '600g', '물': '3컵', '생강': '2개', '설탕': '2컵', '소금': '60g', '간장': '2컵'}"
201,"{'생선살': '150g', '새우살': '100g', '김치': '50g', '풋고추': '1개', '홍고추': '1/2개', '계란': '1개', '밀가루': '3큰술', '녹말': '3큰술', '소금': '1작은술', '후춧가루': '약간', '깻잎': '8장', '식용유': '적당량'}"
202,"{'쇠고기': '200g', '무': '200g', '물': '6컵', '대파': '1대', '마늘': '2쪽', '실파': '4뿌리', '국간장': '2작은술', '진간장': '1큰술', '다진파': '1큰술', '다진마늘': '1/2큰술', '참기름': '1작은술', '후춧가루': '약간', '소금': '약간'}"
203,"{'마늘': '1쪽', '무': '60g', '물': '2와1/2컵', '홍고추': '1개', '진간장': '1작은술', '명란': '100g', '두부': '1/2모', '생강즙': '1작은술', '대파': '약간', '소금': '약간'}"
204,"{'쇠고기': '200g', '양': '150g', '곱창': '150g', '고사리': '100g', '대파': '4뿌리', '소금': '약간', '물': '8컵', '고추장': '1큰술', '고춧가루': '1큰술', '진간장': '1큰술', '다진마늘': '2큰술', '참기름': '1과1/2큰술', '깨소금': '1큰술', '후춧가루': '1/4작은술'}"
205,"{'스파게티': '80g', '호박': '1/4개', '양송이버섯': '3개', '소금': '약간', '식용유': '1큰술', '흰후춧가루': '약간', '고추장': '2큰술', '양파': '1/2개', '호두': '20g', '물': '1/2컵', '토마토케첩': '2큰술', '다진마늘': '1/2큰술', '김치': '15g', '설탕': '1작은술'}"
206,"{'게': '2마리', '대하': '4마리', '오징어': '1마리', '모시조개': '20개', '양파': '1개', '풋고추': '2개', '홍고추': '2개', '미나리': '100g', '쑥갓': '100g', '무': '200g', '다진마늘': '1큰술', '대파': '1뿌리', '생강즙': '1작은술', '소금': '약간', '고춧가루': '약간'}"
207,"{'양상추': '10장', '말린표고버섯': '200g', '부추': '100g', '고구마': '1개', '찹쌀가루': '1/2컵', '밀가루': '1/2컵', '얼음물': '1컵', '계란': '1개', '다진마늘': '1작은술', '설탕': '1작은술', '간장': '1작은술', '참기름': '약간', '후춧가루': '약간', '식용유': '적당량', '고추장': '2큰술', '토마토케첩': '2큰술', '물엿': '1큰술', '물': '3큰술'}"
208,"{'닭': '1/2마리', '대파': '1뿌리', '마늘': '3쪽', '생강': '1쪽', '물': '6컵', '도라지': '50g', '말린표고버섯': '2장', '미나리': '30g', '밀가루': '1과1/2큰술', '계란': '1개', '쇠고기': '150g', '소금': '약간', '참기름': '약간'}"
209,"{'돼지고기': '200g', '깻잎': '9장', '소금': '1/4작은술', '생강즙': '2작은술', '밀가루': '2큰술', '계란': '1개', '후춧가루': '약간', '식용유': '약간'}"
210,"{'우유': '5컵', '식초': '1큰술', '간장': '2큰술', '다진청고추': '1큰술', '참기름': '1/2큰술', '다진홍고추': '1큰술', '다진양파': '1큰술'}"
211,"{'닭': '1마리', '계란': '1개', '대파': '1뿌리', '홍고추': '1/2개', '간장': '5큰술', '설탕': '2큰술', '꼬치': '4개', '생강즙': '1큰술', '청주': '1큰술', '다시물': '4큰술', '참기름': '약간'}"
212,"{'밀가루': '2컵', '녹차분말': '1작은술', '소금': '1작은술', '물': '3/4컵', '간장': '2큰술', '고춧가루': '1큰술', '깨소금': '1큰술', '참기름': '1/2큰술', '다진홍고추': '1개', '다진풋고추': '1개', '다진마늘': '1/2큰술', '다진파': '1큰술', '후춧가루': '1/4작은술', '감자': '1/2개', '호박': '1/2개', '육수': '6컵'}"
213,"{'돼지고기': '200g', '소금': '1/4작은술', '모짜렐라치즈': '50g', '양파': '1/2개', '표고버섯': '2장', '피망': '1/2개', '올리브오일': '1큰술', '마늘': '5톨', '후춧가루': '약간', '토마토케첩': '1큰술', '맛술': '1작은술', '고추장': '1작은술'}"
214,"{'쇠고기': '200g', '가래떡': '300g', '꽃상추': '4장', '피망': '1개', '간장': '3큰술', '설탕': '1큰술', '다진파': '1큰술', '다진마늘': '1큰술', '후춧가루': '약간', '깨소금': '약간', '참기름': '약간'}"
215,"{'갑오징어': '3마리', '피망': '4개', '고추장': '5큰술', '설탕': '3큰술', '다진마늘': '2큰술', '다진파': '3큰술', '생강즙': '1작은술', '꼬치': '20개', '깨소금': '약간', '참기름': '약간'}"
216,"{'계란': '2개', '두부': '1/3모', '청피망': '1/4개', '당근': '1/8개', '우유': '2작은술', '홍피망': '1/4개', '소금': '약간', '토마토케첩': '약간', '후춧가루': '약간'}"
217,"{'포도': '800g', '설탕': '1500g', '사과': '4개', '딸기': '800g'}"
218,"{'사골': '500g', '쇠고기': '200g', '물': '20컵', '무': '1/4개', '대파': '1뿌리', '마늘': '3쪽', '생강': '1쪽', '후춧가루': '약간', '소금': '약간', '진간장': '1큰술', '다진파': '1큰술', '다진마늘': '1/2큰술'}"
219,"{'감자': '300g', '밀가루': '210g', '계란노른자': '1개', '사우어크라우트': '300g', '소금': '약간', '후춧가루': '약간', '넛맥': '약간', '양파': '1/2개', '베이컨': '100g', '파슬리': '약간', '버터': '약간'}"
220,"{'김치': '100g', '감자': '1개', '양파': '1/2개', '청고추': '2개', '대파': '1뿌리', '멸치': '20g', '다시마': '2장', '다진마늘': '1큰술', '밀가루': '2컵', '계란': '1개', '식용유': '1작은술', '물': '약간', '소금': '약간', '간장': '3큰술', '다진파': '약간', '깨소금': '1큰술', '고춧가루': '약간', '참기름': '약간'}"
221,"{'오곡곡물': '2컵', '상추': '약간', '깻잎': '약간', '치커리': '약간', '참기름': '약간', '된장': '1/2컵', '고추장': '1/4컵', '양파': '1/2개', '청고추': '2개', '홍고추': '1개', '대파': '1/2뿌리', '마늘': '3쪽', '멸치': '30g', '깨소금': '약간'}"
222,"{'오징어': '1마리', '고추장': '2큰술', '식초': '2큰술', '설탕': '1큰술', '깨소금': '약간'}"
223,"{'밥': '2그릇', '돼기고기': '150g', '오징어': '1/2마리', '조개살': '100g', '홍합': '200g', '양파': '1개', '당근': '20g', '호박': '700g', '대파': '1뿌리', '목이버섯': '6장', '고추가루': '3큰술', '간장': '1큰술', '다진마늘': '약간', '생강': '약간', '소금': '약간', '후춧가루': '약간', '참기름': '약간'}"
224,"{'돼지고기': '300g', '부추': '50g', '양파': '1/4개', '당근': '30g', '배춧잎': '10장', '간장': '2큰술', '양파즙': '2큰술', '다진파': '2큰술', '다진마늘': '2큰술', '생강즙': '1/2작은술', '후춧가루': '약간', '깨소금': '약간', '참기름': '약간', '소금': '약간', '청고추': '1개', '홍고추': '1개', '표고버섯': '1장'}"
225,"{'코다리': '2마리', '실파': '2뿌리', '고추장': '1큰술', '간장': '1/2큰술', '설탕': '1큰술', '다진파': '1큰술', '다진마늘': '1/2큰술', '다진생강': '1/2작은술', '참기름': '1큰술', '후춧가루': '1/4작은술'}"
226,"{'참치': '3쪽', '새우': '2마리', '광어': '20g', '피조개': '1개', '갑오징어': '20g', '계란': '2개', '청어알': '20g', '연어알': '20g', '무순': '20g', '전복': '1개', '김': '1장', '생강': '50g', '초밥': '3공기', '와사비': '3큰술', '물': '3큰술'}"
227,"{'만두피': '12장', '돼기고기': '100g', '두부': '1모', '숙주': '100g', '김치': '50g', '양파': '1개', '미나리': '50g', '느타리버섯': '100g', '표고버섯': '4장', '대파': '1/2뿌리', '육수': '4컵', '고춧가루': '2큰술', '진간장': '2큰술', '다진파': '2큰술', '다진마늘': '1/2큰술', '생강': '약간', '후춧가루': '약간'}"
228,"{'밥': '3공기', '새우': '100g', '오징어': '1/2마리', '양파': '1/2개', '당근': '30g', '실파': '4뿌리', '계란': '2개', '밀가루': '3큰술', '소금': '약간', '후춧가루': '약간', '깨소금': '약간', '참기름': '약간', '간장': '1큰술', '식초': '1작은술', '다진파': '1큰술', '다진마늘': '1작은술'}"
229,"{'다진쇠고기': '90g', '두부': '1모', '소금': '약간', '후춧가루': '약간', '파슬리': '약간'}"
230,"{'두부': '200g', '치즈': '2장', '방울토마토': '3개', '토마토케첩': '약간', '치커리': '약간', '마요네즈': '약간', '소금': '약간', '식용유': '약간'}"
231,"{'홍차티백': '4개', '물': '2컵', '계란': '5개', '양파': '½개', '마늘': '2쪽', '간장': '2큰술', '소금': '1/2작은술', '설탕': '1과1/2큰술', '물엿': '2큰술'}"
232,"{'가지': '1개', '돼지고기': '50g', '밀가루': '1큰술', '다진파': '약간', '다진마늘': '약간', '소금': '약간', '후춧가루': '약간', '참기름': '약간', '물': '1컵', '멸치': '8g', '양파': '1/4개', '청고추': '1개', '홍고추': '1개', '된장': '1큰술', '고춧가루': '1작은술'}"
233,"{'닭': '100g', '콘플레이크': '1컵', '카레가루': '30g', '계란': '1개', '소금': '약간', '후춧가루': '약간', '고춧가루': '1/4작은술', '다진마늘': '1/2큰술', '다진양파': '1/2큰술', '토마토케첩': '1큰술', '간장': '1/2큰술', '식초': '1큰술', '올리브오일': '2큰술'}"
234,"{'식용유': '3컵', '마른고추': '5개', '생강': '1작은술', '고춧가루': '2와1/2컵', '다진마늘': '2큰술', '파': '2큰술'}"
235,"{'생태': '1마리', '바지락': '50g', '무': '50g', '호박': '30g', '두부': '50g', '팽이버섯': '1/2봉지', '미나리': '50g', '청고추': '1/2개', '홍고추': '1/2개', '대파': '1/2뿌리', '멸치다시물': '3컵', '소금': '약간', '후춧가루': '약간', '진간장': '약간', '고춧가루': '3큰술', '다진마늘': '3큰술', '양파즙': '2큰술', '무즙': '2큰술'}"
236,"{'두부': '1/2모', '굴': '200g', '양송이버섯': '2개', '마늘': '2쪽', '실파': '2뿌리', '청고추': '1/2개', '홍고추': '1/2씩', '소금': '약간', '새우젓': '약간'}"
237,"{'두부': '1모', '돼지고기': '50g', '느타리버섯': '50g', '표고버섯': '2장', '팽이버섯': '50g', '김치': '100g', '양파': '1/2개', '청고추': '1개', '대파': '1/2뿌리', '고춧가루': '1큰술', '간장': '1큰술', '다진양파': '1/4개', '다진파': '1큰술', '다진마늘': '1/2큰술', '물': '1/4컵', '깨소금': '1큰술', '후춧가루': '약간', '참기름': '약간'}"
238,"{'김치': '1/2포기', '밥': '2공기', '다진쇠고기': '100g', '오이': '1/2개', '당근': '1/2개', '단무지': '약간', '미나리': '30g', '새우': '10마리', '청주': '1큰술', '간장': '1큰술', '설탕': '1큰술', '다진마늘': '1/2작은술', '다진파': '1작은술', '후춧가루': '약간', '참기름': '약간'}"
239,"{'홍합': '400g', '대파': '1/2뿌리', '홍고추': '1개', '실파': '1뿌리', '다진마늘': '1작은술', '소금': '약간', '물': '약간'}"
240,"{'갈비': '1.8Kg', '양파': '2개', '생강즙': '1큰술', '홍고추': '5개', '간장': '3큰술', '설탕': '2큰술', '맛술': '3큰술', '다진파': '3큰술', '다진마늘': '2큰술', '후춧가루': '약간', '참기름': '약간', '깨소금': '약간', '식용유': '약간씩', '감자': '2개', '당근': '1개', '무': '1/4개', '고춧가루': '3큰술', '고추장': '4큰술'}"
241,"{'가래떡': '1줄', '양파': '1개', '대파': '1뿌리', '피망': '1개', '비엔나소시지': '10개', '고추장': '3큰술', '간장': '1큰술', '물': '1과1/2컵', '설탕': '2큰술', '물엿': '1큰술'}"
242,"{'돼지고기': '600g', '고추장': '2큰술', '고춧가루': '1큰술', '간장': '3큰술', '맛술': '2큰술', '생강즙': '2큰술', '설탕': '2큰술', '다진마늘': '2큰술', '다진파': '2큰술', '깨소금': '약간', '후춧가루': '약간', '참기름': '약간', '된장': '5큰술', '식초': '1큰술'}"
243,"{'배추': '1포기', '밤': '2컵', '갓': '1/2단', '미나리': '1/3단', '실파': '1/2단', '배': '1/2개', '고추가루': '1컵', '액체육젓': '1/2컵', '마늘': '1큰술', '생강': '1작은술', '설탕': '1큰술', '소금': '약간', '통깨': '약간', '[절임용 소금물] 소금': '2컵', '물': '10컵'}"
244,"{'배추': '5포기', '무': '1개', '미나리': '1단', '갓': '1단', '실파': '1/2단', '배': '2개', '마늘': '15쪽', '생강': '3톨', '밤': '10개씩', '은행': '2큰술', '통깨': '3큰술', '석이버섯': '5잎', '고춧가루': '3컵', '생굴': '1컵', '낙지': '1마리', '액체육젓': '2컵', '소금': '1컵', '설탕': '5큰술'}"
245,"{'사골': '300g', '쇠고기': '200g', '우거지': '200g', '대파': '1뿌리', '홍고추': '1개', '된장': '2큰술', '다진마늘': '2큰술', '고춧가루': '약간'}"
246,"{'찬밥': '1공기', '참치': '1/2통', '양파': '1/4개', '당근': '1/4개', '실파': '약간', '청고추': '1개', '계란': '1개', '밀가루': '약간', '식용유': '약간', '소금': '약간', '후춧가루': '약간'}"
247,"{'팥': '2컵', '설탕': '2컵', '물': '10컵', '인절미': '100g', '소금': '약간', '대추': '1개'}"
248,"{'쇠고기': '150g', '낙지': '2마리', '표고버섯': '2개', '무': '1/4개', '팽이버섯': '30g', '미나리': '3대', '대파': '1뿌리', '홍고추': '1개', '양파': '1/3개', '물': '3컵', '소금': '약간', '다진파': '1작은술', '간장': '2큰술', '다진마늘': '1작은술', '설탕': '1큰술', '깨소금': '약간', '참기름': '약간'}"
249,"{'잔멸치': '100g', '다진마늘': '1/2작은술', '된장': '1작은술', '맛술': '1/2큰술', '간장': '1작은술', '설탕': '2큰술', '식용유': '1큰술', '상추': '2장', '깨소금': '약간', '밥': '4공기'}"
250,"{'쇠고기': '150g', '콩나물': '100g', '미나리': '50g', '당근': '50g', '유부': '5장', '간장': '2큰술', '다진파': '1큰술', '고춧가루': '1작은술', '다진마늘': '1작은술', '깨소금': '1작은술', '참기름': '1큰술', '밥': '4공기', '후춧가루': '약간'}"
251,"{'바게트': '1/4개', '모짜렐라치즈': '100g', '신김치': '1/5포기', '베이컨': '2줄', '당근': '1/4개', '피망': '1/4개', '양송이': '3개', '파슬리가루': '약간', '소금': '약간', '후춧가루': '약간', '식용유': '약간'}"
252,"{'소면': '2인분', '김치': '100g', '오이': '1/2개', '양배추': '2장', '깻잎': '10장', '청고추': '1개', '상추': '4장', '고추장': '2큰술', '식초': '2큰술', '설탕': '1큰술', '사이다': '약간'}"
253,"{'오징어': '1마리', '계란': '1개', '녹말': '1컵', '밀가루': '1컵', '물': '1/4컵', '소금': '약간', '옥수수': '3큰술', '완두콩': '3큰술', '당근': '30g', '양파': '1/4개', '표고버섯': '2장', '육수': '1/4컵', '설탕': '2큰술', '식초': '2큰술', '간장': '1큰술', '조미술': '2큰술', '참기름': '약간'}"
254,"{'밥': '2인분', '콩나물': '100g', '쇠고기': '50g', '양파': '1개', '느타리버섯': '50g', '당근': '20g', '멸칫국물': '1컵', '간장': '1큰술', '실파': '2뿌리', '다진마늘': '1/2큰술', '녹말': '약간', '깨소금': '약간', '참기름': '약간', '소금': '약간', '후춧가루': '약간', '피쉬소스': '약간'}"
255,"{'무': '50g', '어묵': '100g', '계란': '1개', '멸치': '100g', '다시마': '1장', '간장': '3Ts', '청주': '2Ts', '물': '4C', '겨자가루': '1Ts', '소금': '약간'}"
256,"{'닭다리': '5개', '오이': '1개', '간장': '2큰술', '녹말': '2큰술', '식용유': '4큰술', '마른고추': '3개', '마늘': '3쪽', '생강': '1개', '실파': '5뿌리', '굴소스': '1큰술', '식초': '1큰술', '맛술': '3큰술', '설탕': '2큰술', '토마토케첩': '1큰술'}"
257,"{'쌀': '1컵', '밤': '2개', '고구마': '1/3개', '은행': '6알', '대추': '4알', '다시물': '1큰술', '참기름': '약간', '간장': '2컵', '다진파': '약간', '다진마늘': '약간', '깨소금': '약간'}"
258,"{'콩나물': '50g', '도라지': '50g', '시금치': '50g', '고사리': '50g', '간장': '2큰술', '다진파': '3큰술', '다진마늘': '1큰술', '식용유': '6큰술', '깨소금': '1큰술', '참기름': '1큰술', '소금': '약간', '들깻가루': '약간', '물': '약간'}"
259,"{'가래떡': '400g', '쇠고기': '80g', '신김치': '100g', '양파': '1/2개', '피망': '1/2개', '당근': '30g', '참기름': '약간', '깨소금': '약간', '소금': '약간', '통깨': '약간'}"
260,"{'두부': '1/2모', '쇠고기': '80g', '양배추': '50', '당근': '50g', '오이': '1/2개', '소금': '약간', '땅콩가루': '1큰술', '식초': '1큰술', '간장': '1/2큰술', '겨자': '1/2큰술', '황설탕': '1/2큰술', '참기름': '약간'}"
261,"{'밀가루': '1컵', '참기름': '2큰술', '소금': '약간', '조청': '약간', '생강즙': '1큰술', '청주': '1큰술', '설탕': '1/2컵', '검은깨': '약간', '물': '1/2컵'}"
262,"{'참치': '1캔', '실파': '1큰술', '계란노른자': '3개', '파슬리': '1단', '당근': '1/3개', '김': '1/3장', '게맛살': '1줄', '오이': '1/3개', '밥': '3공기', '맛소금': '약간', '단무지': '약간', '매실장아찌': '약간', '깨소금': '약간', '후춧가루': '약간', '랩': '약간'}"
263,"{'불린미역': '100g', '유부': '5장', '두부': '1/3모', '실파': '2뿌리', '멸치': '한줌', '된장': '3큰술', '미림': '2큰술', '다시마': '2장', '물': '8컵'}"
264,"{'밀가루': '3컵', '시금치즙': '6큰술', '당근즙': '6큰술', '김': '2장', '멸치': '30g', '다시마': '1장', '감자': '1개', '호박': '100g', '양파': '1/2개', '대파': '1/2뿌리', '다진마늘': '1큰술', '소금': '약간', '진간장': '약간', '청정원맛선생': '약간'}"
265,"{'고들빼기': '1관', '실파': '1단', '고추': '1근', '갓': '1단', '고춧가루': '1근', '멸치액젓': '2컵', '설탕': '3큰술', '밤': '20개', '대추': '20개', '깨소금': '약간', '다진마늘': '약간', '다진생강': '약간'}"
266,"{'달래': '100g', '굴': '80g', '청고추': '1/2개', '홍고추': '1/2개', '밀가루': '1컵', '계란': '1개', '물': '2/3컵', '간장': '1큰술', '식초': '1작은술', '다진마늘': '약간', '깨소금': '약간', '실파': '약간'}"
267,"{'달래': '500g', '마늘': '1/2쪽', '생강': '1쪽', '고춧가루': '1/3컵', '진간장': '3큰술', '설탕': '약간', '통깨': '약간'}"
268,"{'두릅': '200g', '된장': '1큰술', '다진파': '2큰술', '다진마늘': '1큰술', '깨소금': '1큰술', '참기름': '1큰술', '실고추': '1큰술', '소금': '약간', '설탕': '약간'}"
269,"{'숙주': '100g', '미나리': '50g', '다진파': '약간', '다진마늘': '약간', '깨소금': '약간', '실고추': '약간', '참기름': '약간'}"
270,"{'참나물': '100g', '고추장': '1큰술', '다진마늘': '1/2큰술', '다진파': '1큰술', '깨소금': '약간', '참기름': '약간'}"
271,"{'오징어': '1마리', '마늘': '2쪽', '대파': '1뿌리', '고추장': '1큰술', '고춧가루': '1/2큰술', '간장': '1작은술', '물엿': '1큰술', '양파즙': '1큰술', '생강즙': '1작은술', '다진파': '약간', '다진마늘': '1작은술', '깨소금': '약간', '후춧가루': '약간', '참기름': '약간'}"
272,"{'닭': '한마리', '콩나물': '300g', '오이': '1개', '김치': '200g', '마늘': '3쪽', '다진마늘': '1큰술', '실파': '약간', '소금': '약간', '후춧가루': '약간', '고춧가루': '2큰술', '파': '2큰술', '육수': '3큰술', '밥': '4공기'}"
273,"{'신김치': '2포기', '두부': '1모', '돼지고기': '600g', '청고추': '1개', '깻잎': '1봉', '대파': '1/2뿌리', '생강': '1쪽', '소금': '약간'}"
274,"{'호박': '1개', '두부': '1/2모', '새우젓': '2큰술', '파': '1/2뿌리', '청고추': '3개', '다진마늘': '1큰술', '물': '3컵', '식용유': '약간', '소금': '약간', '참기름': '약간'}"
275,"{'해파리': '80g', '새우': '6개', '쭈꾸미': '20g', '오이': '1/3개', '당근': '1/4개', '홍피망': '1/2개', '계란': '1개', '겨자': '2큰술', '머스터드': '1/2큰술', '마늘': '2쪽', '식초': '3큰술', '설탕': '3큰술', '간장': '약간', '소금': '약간', '참기름': '약간'}"
276,"{'닭': '300g', '당근': '50g', '완두콩통조림': '3큰술', '옥수수통조림': '3큰술', '식용유': '3큰술', '버터': '2큰술', '토마토케첩': '1/3컵', '우스터소스': '3큰술', '설탕': '1큰술'}"
277,"{'아스파라거스': '100g', '새우': '200g', '샐러리': '2대', '미림': '1큰술', '소금': '약간', '후춧가루': '약간', '참기름': '약간'}"
278,"{'밀가루': '2컵', '물': '2/3컵', '소금': '1/2작은술', '육수': '4컵', '팽이버섯': '1봉', '쑥갓': '약간', '쇠고기': '200g', '배추': '200g', '부추': '100g', '식용유': '1큰술', '녹말': '4큰술', '간장': '2큰술', '다진파': '약간', '다진마늘': '약간', '후춧가루': '약간', '참기름': '약간'}"
279,"{'돼지고기': '100g', '표고버섯': '2장', '양파': '1/2개', '피망': '1/2개', '청고추': '1개', '대파': '1/2뿌리', '마늘': '3쪽', '생강': '1쪽', '녹말': '약간', '소금': '약간', '굴소스': '1큰술', '후춧가루': '약간', '조미술': '약간'}"
280,"{'풋마늘': '8뿌리', '갑오징어': '2마리', '간장': '2큰술', '다진파': '2작은술', '다진마늘': '1작은술', '참기름': '2작은술', '깨소금': '2작은술', '생강즙': '1/2작은술', '밀가루': '1/2컵', '물': '1/2컵', '꼬치': '8개'}"
281,"{'밥': '4공기', '상추': '3잎', '오이': '1/3개', '대파': '약간', '도라지': '20g', '고사리': '20g', '당근': '1/4개', '간장': '2큰술', '식초': '약간', '고춧가루': '1작은술', '설탕': '2작은술', '참기름': '약간', '소금': '약간', '다진파': '약간', '다진마늘': '약간'}"
282,"{'두부': '1/2모', '계란': '3개', '모시조개': '70g', '새우': '5마리', '표고버섯': '1개', '다시물': '1과1/2컵', '은행': '약간', '조미술': '약간', '소금': '약간', '간장': '약간'}"
283,"{'양상추': '4장', '오이피클': '1/2개', '훈제연어': '100g', '체리': '약간', '땅콩버터': '약간', '무순': '약간'}"
284,"{'브로콜리': '400g', '버터': '50g', '밀가루': '50g', '우유': '2와1/2컵', '생크림': '1/2컵', '소금': '약간', '후춧가루': '약간'}"
285,"{'오징어': '1마리', '새우': '50g', '가래떡': '50g', '피망': '1개', '고추장': '2큰술', '설탕': '1큰술', '식초': '1큰술', '케첩': '2큰술', '간장': '약간', '고춧가루': '약간', '다진마늘': '적당량', '다진파': '적당량', '핫소스': '약간', '참기름': '약간', '후춧가루': '약간'}"
286,"{'밥': '3공기', '옥수수통조림': '300g', '피망': '1/2개', '햄': '50g', '양파': '50g', '당근': '50g', '소금': '약간', '후춧가루': '약간'}"
287,"{'꽁치통조림': '1캔', '김치': '300g', '다진마늘': '1/2작은술', '다진대파': '1/2작은술', '참기름': '1작은술', '고춧가루': '1큰술', '간장': '2큰술', '설탕': '1큰술', '물': '2컵'}"
288,"{'돼지고기': '2장', '모짜렐라치즈': '50g', '청피망': '1/2개', '밀가루': '1/2컵', '계란': '1개', '빵가루': '1컵', '소금': '약간', '생강즙': '1/2작은술'}"
289,"{'가래떡': '500g', '양파': '1/2개', '당근': '1/2개', '청피망': '1/2개', '채썬쇠고기': '300g', '간장': '2큰술', '설탕': '1과1/2큰술', '참기름': '1작은술', '후춧가루': '약간', '[쇠고기양념] 간장': '3큰술', '표고버섯': '3장', '다진마늘': '1/2작은술'}"
290,"{'춘권피': '10장', '쇠고기': '300g', '깻잎': '20장', '무순': '1팩', '양파': '1개', '토마토': '1/2개', '식용유': '약간', '간장': '2큰술', '설탕': '1큰술', '조미술': '1큰술', '후춧가루': '약간', '케첩': '1/2큰술', '핫소스': '2큰술'}"
291,"{'밥': '2공기', '소금': '1작은술', '참기름': '1큰술', '설탕': '1작은술', '다진파': '1큰술', '조미료': '약간', '김칫잎': '8장'}"
292,"{'[멸치장국] 국멸치': '5마리', '호박': '25g', '당근': '25g', '채썬쇠고기': '20g', '계란': '1개', '소면': '300g', '소금': '약간', '후춧가루': '약간', '국간장': '2큰술', '간장': '4큰술', '고춧가루': '2큰술', '다진파': '1큰술', '참기름': '1/2작은술', '깨소금': '약간', '[불고기양념] 간장': '1/2작은술', '설탕': '1/2작은술'}"
293,"{'감자': '2개', '양파': '1개', '베이컨': '3줄', '크림수프': '1컵', '모짜렐라치즈': '100g', '소금': '약간'}"
294,"{'코다리': '1마리', '양파': '1/2개', '청고추': '1개', '간장': '2큰술', '설탕': '2큰술', '다진파': '약간', '다진마늘': '약간', '참기름': '1/2작은술', '후춧가루': '약간', '깨소금': '약간', '물': '3큰술'}"
295,"{'닭': '500g', '파인애플': '2조각', '브로콜리': '150g', '당근': '150g', '설탕': '5큰술', '청주': '약간', '물': '약간', '밥': '1공기', '청피망': '1/2개', '계란': '1개', '간장': '1컵', '참기름': '약간', '식용유': '약간', '숙주': '20g'}"
296,"{'순대': '300g', '양배추': '1/4통', '양파': '1개', '깻잎': '적당량', '쫄면': '100g', '고춧가루': '3큰술', '간장': '1큰술', '설탕': '2큰술', '들깻가루': '1큰술', '다진마늘': '1큰술', '식용유': '적당량'}"
297,"{'닭': '300g', '고구마': '1/2개', '양배추': '1/4개', '양파': '1/2개', '흰떡': '적당량', '깻잎': '5~6장', '고추장': '2큰술', '고춧가루': '1큰술', '설탕': '2큰술', '간장': '2큰술', '깨소금': '1큰술', '생강즙': '1큰술', '참기름': '약간'}"
298,"{'베이컨': '15장', '샐러리': '20g', '프랑크소시지': '4~5개', '게맛살': '2개', '팽이버섯': '적당량', '피망': '적당량', '흰떡': '5개', '마요네즈': '2큰술', '머스터드': '1큰술', '간장': '1작은술', '레몬즙': '1큰술'}"
299,"{'밥': '한공기', '열무김치': '3큰술', '쇠고기': '150g', '간장': '1큰술', '설탕': '1큰술', '다진파': '2작은술', '다진마늘': '1작은술', '참기름': '1큰술', '고추장': '3큰술', '마늘': '1큰술'}"
300,"{'다시마': '200g', '맛살': '2개', '당근': '30g', '청고추': '1개', '실파': '3뿌리', '마늘': '1큰술', '생강즙': '1작은술', '청주': '1/2큰술', '소금': '적당량', '후춧가루': '적당량', '참기름': '약간', '식용유': '약간'}"
301,"{'밥': '2공기', '당면': '300g', '양파': '1/2개', '쇠고기': '100g', '느타리버섯': '30g', '팽이버섯': '30g', '목이버섯': '30g', '당근': '30g', '실파': '60g', '햇살담은간장': '1큰술', '소금': '적당량', '후춧가루': '적당량', '참기름': '적당량', '깨소금': '적당량', '간장': '1큰술', '설탕': '1/2큰술', '다진파': '1/2큰술', '다진마늘': '1/2큰술'}"
302,"{'강력분': '500g', '설탕': '75g', '소금': '10g', '이스트': '35g', '버터': '150g', '계란': '5개', '물': '250g', '쑥': '10g'}"
303,"{'깻잎': '30장', '된장': '적당량', '소금': '4큰술'}"
304,"{'쌀국수': '500g', '쇠고기': '200g', '양파': '1/2개', '새우': '8마리', '상추': '8잎', '레몬': '1개', '육수': '1과1/2컵', '간장': '3큰술', '식초': '1/4컵', '설탕': '2큰술', '실파': '1/2컵', '다진고추': '2큰술', '소금': '약간', '후추': '약간', '다진마늘': '1/2큰술', '다진파': '1큰술'}"
305,"{'아욱': '200g', '쌀뜨물': '5컵', '된장': '2과1/2큰술', '모시조개': '10개', '멸치': '4마리', '대파': '약간', '마늘': '1/2큰술', '후춧가루': '약간'}"
306,"{'라면': '1봉', '떡': '30g', '어묵': '30g', '대파': '적당량', '마늘': '1큰술', '고추장': '1과1/2큰술', '설탕': '1큰술', '고춧가루': '1/2큰술'}"
307,"{'고등어': '1마리', '배추김치': '1/4포기', '물': '2컵', '파': '1뿌리', '다진마늘': '1큰술', '다진생강': '1큰술', '진간장': '2큰술', '고춧가루': '½큰술', '설탕': '1큰술'}"
308,"{'쇠고기': '150g', '새우': '50g', '해삼': '80g', '표고버섯': '2장', '죽순': '1개', '부추': '30g', '완두콩': '20g', '대파': '1뿌리', '마늘': '2쪽', '생강': '약간', '간장': '2큰술', '굴소스': '1큰술', '청주': '1큰술', '후춧가루': '약간', '참기름': '약간', '식용유': '3큰술', '물': '1과1/2컵', '녹말': '8큰술'}"
309,"{'바지락': '2봉지', '다진마늘': '2큰술', '대파': '1뿌리', '마른고추': '2개', '청고추': '2개', '두반장': '2과1/2큰술', '설탕': '1큰술', '식용유': '적당량'}"
310,"{'가지': '1개', '쇠고기': '100g', '청고추': '2개', '홍고추': '1개', '대파': '1/2뿌리', '다진마늘': '1/2큰술', '간장': '1큰술', '청주': '1큰술', '소금': '1/2큰술씩', '설탕': '1/2큰술씩', '깨소금': '적당량', '참기름': '적당량'}"
311,"{'청국장': '3큰술', '팽이버섯': '30g', '표고버섯': '30g', '양송이버섯': '30g', '느타리버섯': '70g', '호박': '70g', '두부': '80g', '대파': '1/2뿌리', '청고추': '1개', '다진마늘': '2작은술', '쌀뜨물': '2과1/2컵', '홍고추': '1개'}"
312,"{'밀가루': '1컵', '찹쌀가루': '4큰술', '계란': '2개', '물': '1컵', '부추': '200g', '청고추': '10개', '오징어': '1마리', '식용유': '적당량'}"
313,"{'쇠고기': '400g', '무순': '50g', '양배추': '70g', '당근': '50g', '맛술': '4큰술', '간장': '1큰술', '설탕': '적당량', '고추냉이': '1작은술', '식초': '2/3큰술', '물': '1작은술'}"
314,"{'닭안심': '500g', '표고버섯': '3장', '느타리버섯': '30g', '팽이버섯': '30g', '당근': '30g', '청고추': '1개', '계란': '1개', '간장': '1큰술', '설탕': '1/2큰술', '청주': '1작은술', '소금': '약간', '후춧가루': '약간', '계란노른자': '1개'}"
315,"{'쇠고기': '400g', '새송이버섯': '300g', '진간장': '3큰술', '설탕': '2큰술', '다진파': '1과1/2큰술', '다진마늘': '1큰술', '깨소금': '1큰술', '후춧가루': '적당량', '참기름': '적당량', '잣가루': '약간', '소금': '2작은술'}"
316,"{'돼지고기': '300g', '부추': '200g', '대파': '1/2뿌리', '생강': '1큰술', '간장': '2큰술', '소금': '1작은술', '참기름': '1큰술', '후춧가루': '약간', '밀가루': '3컵'}"
317,"{'쌀국수': '30g', '돼지고기': '20g', '숙주나물': '30g', '청고추': '1개', '대파': '1/2뿌리', '마늘': '1쪽', '생강': '1작은술', '굴소스': '1큰술', '간장': '1작은술', '설탕': '1큰술', '소금': '약간', '후춧가루': '약간'}"
318,"{'파스타': '250g', '표고버섯': '150g', '느타리버섯': '100g', '양송이버섯': '100g', '다진마늘': '2큰술', '파': '1대', '화이트와인': '3큰술', '간장': '3큰술', '올리브오일': '적당량'}"
319,"{'닭봉': '10개', '도라지': '100g', '대파': '2뿌리', '마늘': '3쪽', '생강': '1개', '고춧가루': '3큰술', '닭육수': '3큰술', '다진마늘': '1큰술', '생강즙': '2작은술', '간장': '2큰술', '참기름': '1큰술', '소금': '적당량', '고사리': '100g', '후춧가루': '적당량'}"
320,"{'김치': '1/3포기', '밥': '2공기', '감자': '1/4개', '양파': '1/2개', '햄': '60g', '식용유': '약간', '소금': '약간', '후춧가루': '약간', '계란': '2개'}"
321,"{'오징어채': '100g', '고추장': '1큰술', '설탕': '1큰술', '술': '1큰술', '식용유': '2큰술', '물엿': '1작은술', '참기름': '1작은술'}"
322,"{'칼국수': '300g', '바지락': '200g', '양파': '1개', '애호박': '1/4개', '다진마늘': '1큰술', '맛술': '1큰술', '청장': '2큰술', '소금': '약간', '후춧가루': '약간'}"
323,"{'도라지': '100g', '오이': '1개', '오징어': '1마리', '고추장': '2큰술', '고춧가루': '1작은술', '간장': '1작은술', '식초': '2큰술', '물엿': '1큰술', '참기름': '약간', '깨소금': '약간', '소금': '약간'}"
324,"{'애호박': '1개', '식용유': '적당량', '청피망': '1/2개', '파': '2큰술', '다진마늘': '2작은술', '고춧가루': '2작은술', '간장': '1큰술', '새우젓국': '1큰술', '참기름': '약간', '깨소금': '약간', '홍피망': '1/2개'}"
325,"{'찹쌀': '1컵', '양송이버섯': '5개', '호박': '50g', '실파': '3뿌리', '당근': '30g', '깻잎': '3장', '양파': '1/3개', '참기름': '1큰술', '물': '6컵', '깨소금': '1큰술', '소금': '1작은술'}"
326,"{'미역': '150g', '홍합': '10개', '소금': '1작은술', '참기름': '1큰술', '간장': '3큰술', '물': '3큰술', '후춧가루': '1/4작은술'}"
327,"{'밥': '2공기', '오징어': '1마리', '양파': '2/3개', '피망': '1/2개', '실파': '10g', '식용유': '약간', '물': '1/3컵', '고추장': '1큰술', '두반장': '1큰술', '설탕': '약간', '깨소금': '약간', '소금': '약간', '후춧가루': '약간'}"
328,"{'완두콩': '3큰술', '옥수수': '3큰술', '당근': '1/4개', '감자': '1/4개', '껍질콩': '5개', '다진마늘': '1작은술', '간장': '1/2큰술', '굴소스': '1/2큰술', '식용유': '약간', '소금': '약간', '후춧가루': '약간', '참기름': '1큰술'}"
329,"{'대구': '1/2마리', '무': '30g', '콩나물': '25g', '홍고추': '1개', '청고추': '1개', '미나리': '20g', '팽이버섯': '20g', '고춧가루': '2큰술', '고추장': '1큰술', '소금': '약간', '후춧가루': '약간', '미림': '약간'}"
330,"{'쇠고기': '200g', '찹쌀가루': '1/2컵', '간장': '2큰술', '후춧가루': '약간', '참기름': '약간', '기름': '1/4컵', '겨자': '2큰술', '식초': '2큰술', '설탕': '2큰술'}"
331,"{'고추': '150g', '찹쌀가루': '1/2컵', '식용유': '4컵', '소금': '약간', '설탕': '약간'}"
332,"{'김': '2장', '오징어': '1/2마리', '무': '30g', '고춧가루': '3큰술', '설탕': '2큰술', '식초': '4큰술', '까나리액젓': '1큰술', '참기름': '약간', '깨소금': '약간', '다진파': '약간', '다진마늘': '약간', '밥': '2공기'}"
333,"{'닭다리': '150g', '대파': '1뿌리', '생강': '1쪽', '맛술': '1큰술', '물': '10컵', '소면': '400g', '중국부추': '50g', '당근': '50g', '간장': '1큰술', '소금': '약간', '후춧가루': '약간'}"
334,"{'감자': '300g', '양파': '60g', '대파': '30g', '버터': '30g', '육수': '750g', '계란노른자': '1개', '생크림': '84g', '소금': '약간', '후춧가루': '약간'}"
335,"{'바게트': '1개', '버터': '2큰술', '마늘': '2톨', '파슬리가루': '1작은술'}"
336,"{'닭살': '100g', '닭육수': '200g', '죽순': '10g', '당근': '10g', '실파': '2뿌리', '계란': '1개', '표고버섯': '1개', '소금': '약간', '후춧가루': '약간', '참기름': '약간', '녹말': '약간'}"
337,"{'계란': '2개', '시금치': '10g', '당근': '1/4개', '옥수수통조림': '2큰술', '다진파': '1큰술', '소금': '약간', '후춧가루': '약간', '설탕': '1/4작은술', '물': '1/2컵', '청정원맛선생': '약간'}"
338,"{'밥': '60g', '보리': '10g', '콩나물': '40g', '오이': '20g', '당근': '15g', '다진쇠고기': '30g', '소금': '1큰술'}"
339,"{'찹쌀': '1/4되', '소금': '1큰술', '콩': '1/2컵'}"
340,"{'상추': '10g', '들깻잎': '10g', '쑥갓': '5g', '케일': '10g', '고춧가루': '1작은술', '설탕': '1/2작은술', '식초': '1/2작은술', '조림간장': '1/4작은술', '참기름': '약간', '깨소금': '약간'}"
341,"{'호박': '20g', '양파': '20g', '두부': '15g', '대파': '5g', '홍고추': '1/2개', '된장': '한큰술', '국멸치': '5개', '소금': '약간'}"
342,"{'꽁치': '1마리', '소금': '3큰술', '와사비': '약간', '레몬': '1/8조각', '간장': '1큰술'}"
343,"{'오징어': '1마리', '소금': '3큰술', '고춧가루': '2큰술', '다진마늘': '1/2큰술', '다진생강': '1/4큰술', '다진파': '1큰술'}"
344,"{'무': '1/4개', '고춧가루': '1작은술', '식초': '1과 1/2큰술', '설탕': '1과 2/3큰술', '소금': '약간', '참기름': '약간', '다진파': '1작은술', '다진마늘': '1/2작은술', '깨소금': '약간'}"
345,"{'다시마': '10g', '새우': '4마리', '바지락': '100g', '호박': '15g', '감자': '15g', '대파': '5g', '청고추': '5g', '간장': '2큰술', '소금': '약간', '참기름': '약간', '칼국수': '120g'}"
346,"{'쇠고기': '2쪽', '당근': '20g', '감자': '20g', '오이': '20g', '밀가루': '4큰술', '버터': '4큰술', '육수': '3컵', '우스터소스': '1큰술', '토마토페스트': '1큰술', '소금': '1작은술', '후춧가루': '약간', '레드와인': '4큰술'}"
347,"{'파래': '50g', '당근': '10g', '간장': '1큰술', '설탕': '2큰술', '식초': '1과1/2큰술', '참기름': '약간', '깨소금': '약간'}"
348,"{'단호박': '100g', '계란': '1개', '밀가루': '50g', '튀김가루': '50g', '식용유': '2컵'}"
349,"{'스파게티': '200g', '홍합': '100g', '오징어': '1/2마리', '새우': '3마리', '양파': '1/2개', '샐러리': '1대', '양송이': '2개', '다진마늘': '1작은술', '홀토마토': '1/2컵', '버터': '1큰술', '밀가루': '1큰술', '오레가노': '약간', '올리브오일': '2큰술', '파마산치즈': '약간', '토마토': '1개', '후춧가루': '약간', '소금': '약간'}"
350,"{'라이스페이퍼': '8장', '쌀국수': '50g', '오징어': '1/2마리', '오이': '1/2개', '양파': '1/2개', '표고버섯': '3장', '키위': '1개', '파인애플': '1쪽', '간장': '1큰술', '물': '1큰술', '청고추': '1작은술', '설탕': '약간', '깨소금': '약간', '다진홍고추': '1작은술', '당근': '1/2개', '식초': '약간', '소금': '약간'}"
351,"{'무': '70g', '소금': '약간', '깨소금': '약간', '식용유': '약간', '참기름': '약간'}"
352,"{'고등어': '1마리', '무': '1/2개', '대파': '2뿌리', '다시마국물': '7컵', '설탕': '3큰술', '술': '2011-03-04', '간장': '3큰술', '미림': '6큰술', '된장': '50g'}"
353,"{'두부': '1/2모', '양배추': '15g', '양파': '15g', '대파': '5g', '홍고추': '1개', '풋고추': '1개', '다진파': '1큰술', '다진마늘': '1/2큰술', '고춧가루': '1과1/2큰술', '간장': '2큰술', '참기름': '약간', '깨소금': '약간'}"
354,"{'고구마': '2개', '생크림': '1/3컵', '모짜렐라치즈': '50g', '소금': '약간', '치즈가루': '약간', '파슬리가루': '약간'}"
355,"{'쌀': '1컵', '시금치': '30g', '일본된장': '1큰술', '다시마': '1장', '쇠고기': '15g', '참기름': '약간', '가쓰오브시': '약간'}"
356,"{'돼지고기': '600g', '양파': '15g', '당근': '10g', '깻잎': '15g', '양겨자': '1큰술', '설탕': '약간', '소금': '약간', '식초': '약간', '통후추': '약간', '대파': '1뿌리'}"
357,"{'페투치네': '200g', '베이컨': '120g', '양파': '1/2개', '생크림': '100cc', '계란노른자': '2개', '마늘': '2쪽', '올리브오일': '약간', '소금': '약간', '흰후추': '약간', '바질': '약간', '오레가노': '약간'}"
358,"{'김': '5장', '계란노른자': '3개', '오보로': '2큰술', '파슬리': '2큰술', '밥': '1공기', '식초': '1과1/2큰술', '설탕': '2/3큰술', '소금': '1/4큰술'}"
359,"{'게살': '50g', '오이': '20g', '아보카도': '1/2개', '계란': '1개', '박고지': '1줄기', '날치알': '3큰술', '김': '1장', '통깨': '약간', '밥': '1그릇', '식초': '1과1/2큰술', '설탕': '2/3큰술', '소금': '1/4큰술', '단무지': '약간', '초생강': '약간'}"
360,"{'찹쌀': '40g', '팥': '20g', '수수': '30g', '쌀': '40g', '쇠고기': '20g', '김': '1장', '미나리': '2줄기', '간장': '약간', '참기름': '약간', '후춧가루': '약간', '깨소금': '약간', '조': '30g', '콩': '30g'}"
361,"{'무': '2011-01-02', '미나리': '10줄기', '배': '2011-01-03', '당근': '1/4개', '생강': '약간', '소금': '1큰술', '설탕': '1큰술', '식초': '1큰술'}"
362,"{'찹쌀가루': '160g', '소금': '약간', '대추': '2알', '쑥갓': '약간', '식용유': '적당량', '설탕': '3큰술', '물': '3큰술'}"
363,"{'냉동만두': '1/2봉지', '양상추': '3잎', '오이': '1/3개', '양파': '1/2개', '올리브': '5개', '토마토': '1개', '머스터드': '2큰술', '꿀': '1큰술', '식초': '1/2큰술', '마요네즈': '1큰술'}"
364,"{'콩나물': '40g', '미나리': '3줄기', '고춧가루': '1큰술', '소금': '약간', '참기름': '약간', '깨소금': '약간', '다진파': '약간', '다진마늘': '약간'}"
365,"{'밥': '2공기', '쇠고기': '60g', '양파': '1/2개', '미나리': '6줄기', '팽이버섯': '30g', '계란': '2개', '가쓰오브시국물': '14큰술', '간장': '4큰술', '설탕': '2큰술', '미림': '2작은술'}"
366,"{'연어알': '60g', '밥': '2공기', '와사비': '약간', '김': '2장', '식초': '1과1/2큰술', '설탕': '2/3큰술', '소금': '1/4큰술'}"
367,"{'새우': '12마리', '녹말': '1/2컵', '계란': '1개', '식용유': '약간', '양파': '1/2개', '마늘': '1쪽', '청고추': '1개', '홍고추': '1개', '대파': '1/2뿌리', '생강': '1쪽', '간장': '1큰술', '식초': '1큰술', '육수': '1큰술', '후춧가루': '약간', '참기름': '1작은술'}"
368,"{'게살': '20g', '새우': '10g', '두부': '50g', '흰살생선': '20g', '오징어': '20g', '전분': '30g', '육수': '120g', '계란흰자': '1개', '소금': '약간', '정종': '약간', '참기름': '약간', '미원': '약간'}"
369,"{'쇠고기스톡': '3컵', '토마토페이스트': '1과1/2큰술', '버터': '1/2큰술', '당근': '1/4개', '양파': '1/2개', '샐러리': '1/3대', '피망': '1개', '무': '20g', '파슬리가루': '약간'}"
370,"{'쇠고기': '250g', '배추': '50g', '당근': '20g', '무': '20g', '팽이버섯': '20g', '표고버섯': '1개', '두부': '1/8모', '다시마': '20g', '국물용멸치': '20g', '대파': '1/3뿌리', '가래떡': '20g', '죽순': '30g', '쑥갓': '약간'}"
371,"{'메밀국수': '150g', '김': '1/2장', '와사비': '약간', '대파': '약간', '진간장': '1컵', '조미술': '1컵', '가쓰오브시국물': '7컵', '설탕': '40g'}"
372,"{'쇠고기': '30g', '느타리버섯': '15g', '표고버섯': '15g', '팽이버섯': '15g', '실파': '1뿌리', '다시마국물': '5큰술', '간장': '약간', '설탕': '약간', '미림': '약간', '계란': '1개'}"
373,"{'꽃게': '2마리', '바지락': '30g', '맛살조개': '40g', '오징어': '1/2마리', '애호박': '1/2개', '무': '1/4개', '팽이버섯': '1/2봉', '홍고추': '1개', '대파': '1/2뿌리', '고추장': '2큰술', '고춧가루': '2큰술', '마늘': '1/2큰술', '국간장': '1큰술', '생강': '1/2작은술', '소금': '약간', '후춧가루': '약간', '청고추': '1개'}"
374,"{'해초': '60g', '미역': '30g', '오징어': '1/4마리', '새우': '2마리', '간장': '2큰술', '식용유': '반컵', '식초': '2큰술', '양파': '1/4개', '당근': '1/4개', '사과': '1/4개', '마늘': '1작은술', '레몬': '약간', '흰후춧가루': '약간'}"
375,"{'감자': '1개', '양파': '1개', '부추': '약간', '밀가루': '1/3컵', '물': '약간', '소금': '약간', '식용유': '약간', '깻잎': '6장', '쇠고기': '40g', '두부': '20g', '표고버섯': '1/4개', '계란': '1개', '간장': '2큰술', '설탕': '1큰술', '다진파': '1큰술', '다진마늘': '1작은술', '참기름': '약간'}"
376,"{'장어': '1/2마리', '초생강': '20g', '산초가루': '약간', '밥': '1공기', '장어대리': '3큰술', '진간장': '3큰술', '정종': '5큰술', '설탕': '2큰술', '미림': '2큰술', '장어뼈': '약간'}"
377,"{'장어': '20g', '계란': '5개', '소금': '약간', '설탕': '약간', '미림': '약간', '다시마': '약간', '식용유': '약간'}"
378,"{'오징어': '1/2마리', '새우': '4마리', '홍합': '6개', '모시조개': '4개', '동태살': '10g', '꼴뚜기': '3마리', '마늘': '3쪽', '양파': '1/2개', '당근': '1/8개', '샐러리': '약간', '스파게티': '150g', '토마토': '1개', '토마토페이스트': '4큰술', '육수': '200cc', '월계수잎': '1개', '소금': '약간', '후춧가루': '약간', '올리브오일': '약간', '파마산치즈': '약간', '바질': '약간'}"
379,"{'돼지고기': '200g', '밀가루': '1/2컵', '우유': '1/2컵', '빵가루': '1/2컵', '계란': '1개', '정종': '1큰술', '샐러리': '1대', '돈까스소스': '500g', '우스터소스': '800g', '토마토케첩': '450g', '버터': '2큰술', '꿀': '5큰술', '미림': '3큰술', '사과': '1개', '양파': '1개', '바나나': '2개', '타바스코': '2큰술', '겨자': '4작은술', '밥': '1공기', '마늘': '3쪽'}"
380,"{'양배추': '20g', '양파': '1/4개', '숙주나물': '10g', '표고버섯': '1개', '피망': '1/2개', '팽이버섯': '1/2개', '마늘': '1개', '우동면': '1개', '굴소스': '2큰술', '핫소스': '2큰술', '간장': '2큰술', '청주': '3큰술', '참기름': '2큰술', '햄': '70g', '죽순': '약간', '대파': '약간', '식용유': '약간', '토마토케첩': '2큰술', '설탕': '2작은술', '후춧가루': '약간'}"
381,"{'오징어': '1마리', '돼지고기': '200g', '옥수수통조림': '1/2캔', '양파': '1개', '실파': '3뿌리', '고추장': '5큰술', '미림': '1큰술', '설탕': '1큰술', '다진마늘': '약간', '다진생강': '약간', '물엿': '3큰술', '참기름': '약간', '청고추': '1/2개', '홍고추': '1/2개'}"
382,"{'쌀': '2컵', '물': '2컵', '대추': '6알', '밤': '3톨', '은행': '6알', '느타리버섯': '60g', '스위트콘': '1캔', '소금': '약간'}"
383,"{'밥': '3공기', '두부': '1모', '돼지고기': '200g', '청고추': '1개', '대파': '1뿌리', '다진마늘': '약간', '다진생강': '약간', '두반장': '2큰술', '고추기름': '1큰술', '간장': '2큰술', '맛술': '1큰술', '녹말물': '50g', '설탕': '약간', '홍고추': '1개', '참기름': '약간'}"
384,"{'흰콩': '2컵', '물': '3컵', '간수': '5큰술', '소금': '약간'}"
385,"{'우묵': '100g', '오이': '1/4토막', '다시마': '1장', '멸치': '5개', '간장': '3큰술', '참기름': '약간', '깨소금': '약간', '고춧가루': '약간', '설탕': '1작은술', '다진마늘': '1작은술', '다진파': '2작은술'}"
386,"{'표고버섯': '20g', '느타리버섯': '30g', '송이버섯': '30g', '양파': '30g', '감자': '30g', '호박': '20g', '쑥갓': '10g', '쇠고기': '30g', '칼국수': '50g', '국간장': '3큰술', '고춧가루': '5큰술', '마늘': '1큰술', '소금': '약간', '후춧가루': '약간'}"
387,"{'밀가루': '1컵', '쌀가루': '3큰술', '계란': '2개', '실파': '1컵', '쇠고기': '100g', '굴': '50g', '홍합': '100g', '조갯살': '100g', '잔새우': '100g', '다진마늘': '1큰술', '식용유': '약간', '다진파': '1큰술', '소금': '약간', '후춧가루': '약간', '깨소금': '약간', '참기름': '약간', '고춧가루': '약간', '식초': '약간', '설탕': '약간'}"
388,"{'조기': '1마리', '무': '150g', '감자': '1개', '양파': '1/2개', '물': '1컵', '청고추': '2개', '대파': '1뿌리', '마늘': '5쪽', '고추장': '3큰술', '고춧가루': '1큰술', '참기름': '1큰술', '생강즙': '1작은술', '소금': '약간', '후춧가루': '약간', '홍고추': '2개'}"
389,"{'참치': '1/2캔', '양파': '15g', '당근': '10g', '오이': '20g', '양상추': '40g', '마요네즈': '2큰술', '설탕': '1/4큰술', '소금': '약간', '머스터드': '약간', '토마토케첩': '약간', '적채': '10g'}"
390,"{'돼지고기': '300g', '표고버섯': '2개', '피망': '1/2개', '대파': '10g', '마늘': '5쪽', '생강즙': '약간', '고추기름': '1큰술', '간장': '2큰술', '청주': '1큰술', '육수': '2/3컵', '녹말': '1큰술', '참기름': '1큰술', '홍고추': '1개', '계란': '1개', '다진파': '약간', '소금': '약간'}"
391,"{'김치': '1/4포기', '홍합': '1/2컵', '멸치': '10마리', '물': '6컵', '대파': '1뿌리', '마늘': '약간', '고춧가루': '1/2큰술', '소금': '약간', '홍고추': '1개'}"
392,"{'가지': '1개', '돼지고기': '150g', '소금': '약간', '간장': '약간', '설탕': '1/4큰술', '맛술': '약간', '깨소금': '약간', '머스터드': '1/2큰술', '마요네즈': '2큰술', '밀가루': '6큰술', '계란': '1개', '빵가루': '약간', '후춧가루': '약간', '참기름': '약간'}"
393,"{'골뱅이': '1개', '표고버섯': '2개', '양파': '1개', '청피망': '1/4개', '홍피망': '1/4개', '마늘': '2쪽', '대파': '약간', '진간장': '1큰술', '깨소금': '약간', '참기름': '약간', '설탕': '약간', '녹말': '2큰술'}"
394,"{'닭': '50g', '해파리': '60g', '오이': '1/2개', '홍고추': '1/2개', '레몬': '1/6쪽', '식초': '4큰술', '참기름': '1작은술', '간장': '1작은술', '설탕': '2큰술', '꿀': '2큰술', '소금': '약간', '청고추': '1/2개'}"
395,"{'어묵': '100g', '양파': '1/4쪽', '피망': '1/4쪽', '마늘': '2쪽', '고춧가루': '1큰술', '간장': '1/2큰술', '설탕': '1/2큰술', '참기름': '약간', '깨소금': '약간', '식용유': '약간', '김치': '50g'}"
396,"{'오징어': '1마리', '두부': '1/2모', '모시조개': '5개', '김치': '30g', '대파': '15g', '홍고추': '1/2개', '쑥갓': '약간', '다진마늘': '약간', '생강': '약간', '간장': '1큰술', '고춧가루': '1큰술', '소금': '약간', '후춧가루': '약간', '청고추': '1개', '양파': '1개', '호박': '1개', '다진파': '약간', '맛술': '약간'}"
397,"{'가래떡': '250g', '쇠고기': '100g', '마늘': '1쪽', '브로콜리': '40g', '고추장': '2큰술', '고춧가루': '1/2작은술', '설탕': '1큰술', '간장': '1/2큰술', '후춧가루': '약간', '깨소금': '약간', '물': '1/2컵', '참기름': '약간'}"
398,"{'바게트': '6쪽', '훈제연어': '6쪽', '상추': '6장', '머스터드': '약간', '땅콩버터': '약간', '체리알': '약간', '사워크림': '약간'}"
399,"{'김치': '1/4포기', '참치': '1캔', '양파': '1/2개', '대파': '1뿌리', '홍고추': '1/2개', '팽이버섯': '1/2봉지', '두부': '1/4모', '고춧가루': '1작은술', '소금': '약간', '참기름': '약간', '청고추': '1/2개'}"
400,"{'오징어': '1마리', '양파': '1/2개', '홍고추': '1/2개', '양배추': '1/4통', '당근': '20g', '고추장': '1큰술', '고춧가루': '1큰술', '간장': '1큰술', '설탕': '2/3큰술', '다진파': '약간', '다진마늘': '약간', '깨소금': '약간', '후춧가루': '약간', '참기름': '약간'}"
401,"{'부추': '1/4단', '돼지고기': '100g', '양파': '1개', '청고추': '1개', '다진마늘': '1큰술', '다진생강': '1작은술', '청정원굴소스': '1과1/2큰술', '소금': '약간', '참기름': '약간', '깨소금': '약간', '식용유': '약간', '홍고추': '1개'}"
402,"{'라면': '1개', '쇠고기': '100g', '계란': '1개', '꽃상추': '3장', '깻잎': '5장', '치커리': '약간', '양파': '1/2개', '고추장': '1큰술', '간장': '1/2큰술', '식초': '1큰술', '설탕': '1큰술', '깨소금': '약간', '후춧가루': '약간', '마늘': '약간', '겨자': '1/2큰술'}"
403,"{'밀가루': '1컵', '쇠고기': '200g', '간장': '2큰술', '설탕': '2큰술', '참기름': '약간', '깨소금': '약간', '후춧가루': '약간', '양파': '1/2개', '튀김기름': '적당량', '계란': '1개', '치자': '약간', '마늘': '1쪽', '피망': '20g', '케첩': '2큰술'}"
404,"{'새우': '3마리', '맛조개': '6개', '낙지': '12g', '당근': '15g', '팽이버섯': '20g', '표고버섯': '1개', '미나리': '10g', '곤약': '15g', '다시마': '약간', '가쓰오브시': '약간', '소금': '약간', '청주': '약간', '폰즈소스': '약간', '와사비소스': '약간', '깨소스': '약간'}"
405,"{'꽃게': '3마리', '간장': '2컵', '물': '1컵', '생강': '1개', '마늘': '12쪽', '청고추': '4개', '다진파': '4큰술', '채썬마늘': '4큰술', '채썬생강': '2큰술', '고춧가루': '1큰술', '참기름': '1큰술', '깨소금': '약간', '설탕': '1큰술'}"
406,"{'녹두': '1컵', '쌀': '2컵', '물': '14컵', '소금': '약간', '설탕': '약간'}"
407,"{'돼지고기': '200g', '고추장': '2큰술', '고춧가루': '2큰술', '간장': '1/2큰술', '미림': '25g', '다진파': '약간', '다진마늘': '약간', '설탕': '1/2큰술', '물엿': '1작은술', '깨소금': '약간', '참기름': '약간', '후춧가루': '약간'}"
408,"{'단호박': '1/2개', '황설탕': '1큰술', '버터': '약간', '소금': '약간', '후춧가루': '약간'}"
409,"{'닭': '300g', '간장': '3큰술', '계란': '1/2개', '녹말': '4큰술', '튀김가루': '1큰술', '마늘': '1쪽', '대파': '1뿌리', '마른고추': '2개', '표고버섯': '1개', '피망': '1/2개', '고춧기름': '3큰술', '청주': '2큰술', '육수': '2/3컵', '참기름': '약간'}"
410,"{'양파': '5개', '설탕': '1/2컵', '계핏가루': '1/2큰술', '물': '1/2컵', '만두피': '30장', '식용유': '적당량'}"
411,"{'닭고기': '500g', '마늘': '4쪽', '대파': '1뿌리', '생강': '1톨', '미역': '10g', '밀가루': '1컵', '소금': '약간', '후춧가루': '약간', '국간장': '2큰술', '설탕': '1작은술', '다진파': '1/2큰술', '다진마늘': '약간', '깨소금': '약간'}"
412,"{'생대구': '1/2마리', '다시마': '약간', '가쓰오브시': '약간', '미나리': '10g', '두부': '1/4모', '홍고추': '1/2개', '마늘': '5쪽', '소금': '약간', '팽이버섯': '1/4봉', '청고추': '1/2개'}"
413,"{'브로콜리': '5개', '베이컨': '5장', '케첩': '약간', '머스타드': '약간', '채소': '적당량'}"
414,"{'쇠고기': '100g', '양파': '1/2개', '대파': '1뿌리', '표고버섯': '1개', '다진마늘': '약간', '간장': '2큰술', '맛술': '1큰술', '설탕': '2/3큰술', '소금': '약간', '참기름': '약간', '후춧가루': '약간', '깨소금': '약간', '밥': '1공기'}"
415,"{'고등어': '1마리', '생강': '1큰술', '피망': '1/2쪽', '양파': '1/2개', '실파': '3쪽', '토마토케찹': '4큰술', '육수': '1/2컵', '설탕': '11/2큰술', '녹말': '1큰술', '간장': '1/2큰술', '마늘': '1쪽'}"
416,"{'굴': '300g', '생밤': '4개', '오이': '반개', '청고추': '2개', '홍고추': '2개', '실파': '30g', '배': '약간', '마늘': '3쪽', '배추': '100g', '파슬리': '약간', '양념': '레시피참조'}"
417,"{'대구살': '200g', '계란': '1개', '쑥갓': '약간', '소금': '약간', '후춧가루': '약간', '밀가루': '약간', '식용유': '적당량'}"
418,"{'통마늘': '20쪽', '식초': '1/2컵', '설탕': '1/2컵', '멸치': '1/2컵', '[절임간장] 진간장': '5컵'}"
419,"{'멸치다시물': '2컵', '콩나물': '50g', '다진마늘': '약간', '다진파': '약간', '북어': '30g', '국간장': '약간', '소금': '약간', '후춧가루': '약간', '홍고추': '1/2개'}"
420,"{'봄동': '100g', '영양부추': '1/4단', '고춧가루': '3큰술', '까나리액젓': '2큰술', '새우젓': '1/2큰술', '다진마늘': '1작은술', '다진파': '1큰술', '다진생강': '1/2작은술', '참기름': '약간', '깨소금': '약간'}"
421,"{'양파': '2개', '다진쇠고기': '50g', '두부': '1/4모', '다진파': '1작은술', '다진마늘': '1작은술', '깨소금': '약간', '소금': '약간', '참기름': '약간', '후춧가루': '약간', '밀가루': '약간', '계란': '1개', '홍고추': '1/2개'}"
422,"{'상추': '4장', '밥': '1그릇', '다진쇠고기': '100g', '다진양파': '1/2개', '간장': '1큰술', '설탕': '1/2큰술', '다진파': '약간', '다진마늘': '약간', '깨소금': '약간', '참기름': '약간', '고추장': '약간'}"
423,"{'우엉': '100g', '돼지고기': '100g', '간장': '3큰술', '다시물': '1/2컵', '고춧가루': '1/2큰술', '정종': '2큰술', '설탕': '2큰술', '생강즙': '약간'}"
424,"{'쌈다시마': '8장', '오징어': '1마리', '게맛살': '2줄', '홍피망': '1/2개', '파프리카': '1/2개', '초고추장': '약간', '오이': '1개'}"
425,"{'무말랭이': '2컵', '다진파': '1큰술', '다진마늘': '1큰술', '간장': '1큰술', '고추장': '1큰술', '깨소금': '1큰술', '멸치액젓': '1큰술', '고춧가루': '1/2큰술', '설탕': '2큰술'}"
426,"{'쇠고기': '150g', '낙지': '2마리', '당근': '1/4개', '양파': '1/2개', '홍고추': '1개', '콩나물': '50g', '애호박': '1/3개', '팽이버섯': '약간', '쑥갓': '약간', '간장': '2큰술', '설탕': '1큰술', '다진파': '약간', '다진마늘': '약간', '고춧가루': '2큰술', '고추장': '1큰술', '생강즙': '약간', '깨소금': '약간', '후춧가루': '약간', '육수': '1컵'}"
427,"{'애호박': '60g', '취나물': '60g', '도라지': '60g', '숙주': '60g', '시금치': '60g', '고사리': '60g', '상추': '6잎', '육회': '60g', '계란후라이': '2개', '다진파': '약간', '다진마늘': '약간', '깨소금': '약간', '후춧가루': '약간', '참기름': '약간', '설탕': '약간', '고추장': '약간'}"
428,"{'고등어': '1/2마리', '간장': '3큰술', '굵은고춧가루': '2큰술', '고운고춧가루': '1큰술', '대파': '1개', '양파': '1개', '실파': '3개', '홍고추': '2개', '청고추': '2개', '정종': '2큰술', '생강': '1개', '마늘': '5쪽', '참기름': '2작은술', '깨소금': '1큰술', '물엿': '2큰술'}"
429,"{'고등어': '1마리', '무': '1/3개', '애호박': '1/2개', '당근': '1/4개', '대파': '1개', '양파': '1/2개', '홍고추': '2개', '풋고추': '2개', '팽이버섯': '1/2팩', '간장': '2큰술', '굵은고춧가루': '2큰술', '고운고춧가루': '1큰술', '설탕': '1큰술', '물엿': '2큰술', '생강': '2작은술', '마늘': '1큰술', '정종': '1큰술', '된장': '2큰술', '후춧가루': '약간', '소금': '약간'}"
430,"{'갈치': '1마리', '소금': '1작은술', '후춧가루': '1작은술', '레몬': '1개', '밀가루': '2큰술'}"
431,"{'갈치': '4토막', '무': '1/3개', '애호박': '1/2개', '당근': '1/4개', '대파': '1개', '양파': '1/2개', '홍고추': '1개', '청고추': '1개', '굵은고춧가루': '2큰술', '고운고춧가루': '1큰술', '설탕': '1큰술', '다진생강': '2작은술', '다진마늘': '1큰술', '정종': '1큰술', '된장': '2작은술', '후춧가루': '약간', '소금': '약간', '간장': '2큰술', '물엿': '2큰술'}"
432,"{'새우': '5마리', '석이버섯': '10g', '팽이버섯': '30g', '오이': '1/3개', '당근': '50g', '양상추': '50g', '부추': '50g', '무순': '30g', '배': '1/4개', '겨자': '1큰술', '식초': '2큰술', '설탕': '1큰술', '소금': '1작은술'}"
433,"{'밥': '2공기', '잔멸치': '50g', '간장': '2큰술', '설탕': '1큰술', '식용유': '약간', '깨소금': '약간', '치즈': '8장'}"
434,"{'햄': '10g', '양파': '1/4개', '청피망': '1/2개', '홍피망': '1/2개', '밥': '1공기', '치즈': '2장', '파슬리가루': '적당량', '소금': '약간', '후춧가루': '약간'}"
435,"{'수삼': '1뿌리', '크림치즈': '3큰술', '양상추': '3잎', '무,래디쉬': '2개', '적채': '약간', '치커리': '50g', '마요네즈': '3큰술'}"
436,"{'우동면': '150g', '양파': '1/4개', '청고추': '1/2개', '홍고추': '1/2개', '간마늘': '1작은술', '간생강': '1작은술', '숙주': '30g', '굴소스': '1큰술', '간장': '1큰술', '맛술': '1큰술', '버터': '10g'}"
437,"{'쌀국수': '70g', '숙주': '70g', '대파': '1뿌리', '쇠고기': '30g', '청고추': '1개', '피시소스': '1큰술', '고수잎': '약간', '소금': '약간', '[쇠고기육수] 쇠뼈': '400g', '쇠꼬리': '2토막', '양파': '1개', '생강': '2개', '팔각': '1개', '정향': '3개', '통계피': '1토막'}"
438,"{'깻잎': '20장', '간장': '1큰술', '물': '1큰술', '조청': '약간', '청고추': '1/2개', '홍고추': '1/2개', '들기름': '1큰술'}"
439,"{'열무': '250g', '얼갈이배추': '250g', '굵은소금': '10g', '청고추': '25g', '홍고추': '25g', '쪽파': '15g', '물': '1컵', '꽃소금': '20~25g', '설탕': '15g', '밀가루': '2큰술', '양파': '70g', '마늘': '30g', '생강': '10g', '미나리': '70g', '정종': '1큰술'}"
440,"{'메주콩': '반말', '소금': '2kg', '물': '25L', '마른고추': '5개', '숯': '2덩이'}"
441,"{'메주': '4덩어리', '소금': '1kg'}"
442,"{'메주콩': '5되', '멥쌀': '5되', '찹쌀가루': '4되', '고춧가루': '4되', '소금': '4되', '엿기름': '1컵'}"
443,"{'고구마': '2개', '시럽': '1/2컵', '건포도': '10g', '호박씨': '10g', '튀김기름': '적당량'}"
444,"{'근대': '200g', '쇠고기': '30g', '다진마늘': '1큰술', '대파': '1/4뿌리', '고춧가루': '1작은술', '된장': '1작은술', '고추장': '1/2큰술', '멸치': '한줌'}"
445,"{'멸치': '한줌', '다시마': '1장', '표고버섯': '1장', '애호박': '1/4개', '청고추': '1개', '홍고추': '1/2개', '두부': '1/2모', '순창콩된장': '50g', '고춧가루': '1작은술', '다진마늘': '1작은술', '대파': '1/2뿌리', '참기름': '약간'}"
446,"{'깻잎': '5묶음', '밤': '10개', '홍고추': '50g', '청고추': '50g', '다진마늘': '60g', '대추': '10개', '대파': '30g', '양파': '1/2개', '다진생강': '1쪽', '멸치': '10마리', '멸치액젓': '3/4컵', '설탕': '1컵', '물': '2컵'}"
447,"{'무': '1개', '굵은소금': '약간', '붉은갓': '50g', '삭힌고추': '3개', '물': '2.5L', '고운소금': '30g', '배': '1/2개', '양파': '50g', '마늘': '20g', '생강': '10g'}"
448,"{'파프리카': '3개', '찬밥': '1과1/2공기', '감자': '1/2개', '호박': '1/4개', '피망': '1/4개', '양파': '1/2개', '당근': '1/4개', '소금': '약간', '후춧가루': '약간', '올리브오일': '3큰술'}"
449,"{'돼지갈비': '1kg', '다진마늘': '1큰술', '저민마늘': '5쪽', '마른고추': '5개', '레몬': '1개', '화이트와인': '1/2컵', '물': '1컵', '소금': '약간', '후춧가루': '약간', '올리브오일': '2큰술'}"
450,"{'시금치': '20g', '계란': '3개', '게맛살': '2개', '소금': '약간', '올리브오일': '2큰술'}"
451,"{'낙지': '1마리', '모시조개': '10개', '배추': '4잎', '참기름': '1큰술', '다진마늘': '1/2큰술', '청고추': '1/2개', '홍고추': '1/2개', '소금': '1/2컵', '대파': '1/2뿌리'}"
452,"{'쌀': '1컵', '새우': '200g', '소금': '약간', '참기름': '약간', '물': '6컵'}"
453,"{'전복': '1개', '쌀': '1컵', '물': '6컵', '참기름': '약간', '소금': '약간', '깨소금': '약간', '실파': '약간', '김': '약간'}"
454,"{'죽순': '1개', '미나리': '5줄기', '계란': '1개', '홍고추': '1개', '[초고추장] 고추장': '1큰술', '설탕': '1작은술', '식초': '2작은술', '쌀뜨물': '4컵'}"
455,"{'시금치': '1/2단', '물': '2컵', '소금': '약간', '멸치액젓': '2작은술', '대파': '1/2뿌리', '홍고추': '1개', '통깨': '약간', '참기름': '약간'}"
456,"{'메주콩': '500g', '녹차국수': '200g', '오이': '1개', '방울토마토': '2개', '물': '1컵', '육수': '3컵', '소금': '약간'}"
457,"{'우무': '40g', '콩': '500g', '깨': '2큰술', '잣': '4큰술', '생수': '2컵', '오이': '1/2개', '소금': '약간'}"
458,"{'콩': '각 100g', '깨': '3큰술', '잣': '1큰술', '호두': '2알', '식빵': '1장', '버터': '약간', '후춧가루': '약간', '소금': '약간'}"
459,"{'서리태콩': '1컵', '소면': '150g', '소금': '약간', '오이': '1/4개', '토마토': '1/4개', '참깨': '1큰술'}"
460,"{'날콩가루': '100g', '밀가루': '100g', '닭': '1마리', '닭발': '2개', '통파': '1대', '생강': '적당량', '오이': '1/4개', '소금': '적당량'}"
461,"{'전어': '3마리', '무': '20g', '미나리': '20g', '청고추': '1개', '콩가루': '1큰술', '고춧가루': '1/2큰술', '식초': '2큰술', '고추장': '1/2큰술', '다진마늘': '1큰술', '설탕': '1큰술', '전어젓갈': '약간', '통깨': '약간', '양파': '20g'}"
462,"{'대하': '3마리', '아스파라거스': '2개', '새송이버섯': '1개', '느타리버섯': '2개', '애호박': '1/2개', '가지': '1/2개', '감자': '1개', '마늘': '3쪽', '타임': '2줄기', '바질': '2잎', '버터': '약간', '소금': '약간', '와사비': '약간', '샐러드오일': '약간', '통후추': '약간'}"
463,"{'소꼬리': '5토막', '사골': '100g', '마늘': '10쪽', '대추': '10개', '밤': '5톨', '청양고추': '2개', '대파': '적당량'}"
464,"{'시금치나물': '100g', '도라지나물': '100g', '고사리나물': '100g', '고기산적': '100g', '당근': '1/2개', '깻잎': '4장', '양파': '1/2개', '오이': '1/2개', '라이스페이퍼': '1팩', '소스': '레서피참조'}"
465,"{'토란탕': '2컵', '표고버섯': '6장', '닭고기': '200g', '우엉': '1/4대', '당근': '1개', '간장': '3큰술', '맛술': '1큰술', '설탕': '약간', '생강즙': '약간', '청주': '약간', '식용유': '약간'}"
466,"{'멥쌀가루': '5컵', '물': '4~5큰술', '설탕': '3~4큰술', '단호박': '1/3개', '녹두': '1컵', '소금': '약간'}"
467,"{'파스타': '200g', '생크림': '1과1/2컵', '양파': '1/2개', '후춧가루': '약간', '소금': '약간', '베이컨': '6장', '우유': '1/2컵', '버터': '2큰술', '다진마늘': '1작은술'}"
468,"{'상추': '4장', '미소된장': '2큰술', '다시마': '1장', '가다랑이포': '한줌', '두부': '1/4모', '실파': '약간'}"
469,"{'가지': '2개', '부추': '20g', '다진파': '1큰술', '다진마늘': '1/2큰술', '다진생강': '1작은술', '고춧가루': '1큰술', '액젓': '2/3큰술', '설탕': '1작은술', '소금': '1큰술'}"
470,"{'느타리버섯': '60g', '표고버섯': '3장', '팽이버섯': '30g', '식용유': '2큰술', '청피망': '1/2개', '홍피망': '1/2개', '간장': '1큰술', '설탕': '1/2작은술', '다진마늘': '1/2작은술', '참기름': '1/2작은술', '소금': '약간', '후춧가루': '약간'}"
471,"{'부추': '100g', '올리브오일': '3큰술', '[양념장] 다진파': '1큰술', '다진마늘': '1/2큰술', '간장': '1큰술', '식초': '1큰술', '고춧가루': '1/2큰술', '설탕': '1/2큰술', '통깨': '1작은술'}"
472,"{'돼지등갈비': '1대', '샐러리': '1개', '양파': '1/2개', '마늘': '2쪽', '바베큐소스': '2T', '레드와인': '1T', '올리브오일': '2T', '소금': '약간', '후춧가루': '약간'}"
473,"{'비트': '1개', '절임무': '1팩', '오이': '1/2개', '게맛살': '2개', '파프리카': '1개', '네모난햄': '6장', '무순': '1팩', '계란': '2개', '땅콩버터': '2와1/2큰술', '꿀': '1큰술', '설탕': '1큰술', '식초': '1과1/2큰술', '깨소금': '1큰술', '레몬즙': '1큰술'}"
474,"{'닭가슴살': '3쪽', '양상추': '2장', '겨자잎': '2장', '양파': '1/2개', '당근': '1/4개', '오이': '1/3개', '오렌지': '1개', '허니머스터드': '2큰술', '레몬즙': '2큰술', '설탕': '2큰술', '소금': '약간', '청주': '2큰술', '다진마늘': '1큰술', '마른고추': '1개'}"
475,"{'표고버섯': '2개', '감자': '1개', '대파': '1/2대', '양파': '1/4개', '청고추': '1/4개', '홍고추': '1/4개', '국물용멸치': '10마리', '물': '5큰술', '다진마늘': '1/2작은술', '참기름': '1작은술', '국간장': '1큰술', '소금': '약간', '후춧가루': '약간', '밀가루': '2컵', '된장': '2큰술'}"
476,"{'닭': '500g', '우유': '1/2컵', '맛술': '2큰술', '소금': '약간', '후춧가루': '약간', '호두': '20g', '계란': '1개', '녹말가루': '6큰술', '튀김가루': '4큰술', '카레가루': '1큰술', '고추장': '3큰술', '토마토케첩': '4큰술', '물엿': '1큰술', '꿀': '1큰술', '물': '4큰술', '식초': '3큰술', '다진마늘': '2큰술', '고추기름': '2큰술'}"
477,"{'참치통조림': '1캔', '당근': '1/3개', '감자': '1개', '표고버섯': '2장', '불린쌀': '1컵', '참기름': '약간', '국간장': '약간', '깨소금': '약간', '실파': '2줄기', '물': '5컵', '다시마': '1장', '애호박': '1/3개'}"
478,"{'포도씨유': '약간', '두부': '반모', '파프리카': '2개', '칵테일새우': '30g', '소금': '약간', '후춧가루': '약간', '간장': '약간', '식초': '약간'}"
479,"{'청고추': '4개', '홍고추': '3개', '오이': '1개', '당근': '1/3개', '새우': '6마리', '포도씨유': '약간', '후춧가루': '약간', '굴소스': '3큰술', '꽃빵': '4개', '새송이버섯': '1개', '청주': '1작은술', '참기름': '약간'}"
480,"{'쭈꾸미': '2마리', '간장': '3큰술', '오징어': '1/2마리', '새우': '8마리', '모시조개': '1봉', '홍합': '50g', '양파': '1/2개', '무': '1/4개', '홍고추': '1개', '대파': '2뿌리', '미나리': '50g', '고춧가루': '1큰술', '다진마늘': '2큰술', '다진생강': '1큰술', '고추장': '1작은술', '소금': '약간', '후춧가루': '약간', '다시마': '1장', '청고추': '1개'}"
481,"{'신김치': '1/2포기', '돼지고기안심': '50g', '청정원국선생': '500ml', '표고버섯': '3개', '대파': '1대', '청고추': '1개', '후춧가루': '약간', '맛술': '3큰술', '식용유': '약간'}"
482,"{'두부': '1모', '청고추': '1개', '홍고추': '1개', '다진마늘': '1작은술', '굴소스': '4큰술', '물': '1/3컵', '참기름': '약간', '소금': '약간'}"
483,"{'양배추': '1/4통', '새우': '30g', '실파': '30g', '베이컨': '4장', '굴소스': '약간', '가쯔오브시': '약간', '마요네즈': '약간', '팽이버섯': '30g', '소금': '약간', '후춧가루': '약간', '밀가루': '3컵', '다시물': '2컵', '계란': '2개', '양파': '1/3개'}"
484,"{'파프리카': '1/4개', '팽이버섯': '약간', '새우': '30g', '오징어': '50g', '바지락': '30g', '날치알': '약간', '청주': '2큰술', '소금': '약간', '후춧가루': '약간', '굴소스': '3큰술', '밥': '2공기', '참기름': '약간'}"
485,"{'새송이버섯': '4개', '청정원순창쌈장': '2큰술', '물': '2큰술', '쪽파': '2뿌리', '다진마늘': '1작은술', '간장': '1작은술', '청주': '1작은술', '설탕': '1/3작은술', '홍고추': '1/2개', '참기름': '약간', '올리브오일': '1큰술', '청고추': '1/2개', '양파': '1/2개', '표고버섯': '2장', '피망': '1/2개', '마늘': '5톨'}"
486,"{'대하': '12마리', '오징어': '1마리', '미더덕': '50g', '바지락': '1봉', '꽃게': '3마리', '무': '50g', '양파': '1개', '청고추': '1개', '다시마': '1장', '미나리': '50g', '쑥갓': '30g', '고춧가루': '5큰술', '국간장': '4큰술', '맛술': '3큰술', '다진마늘': '2큰술', '다진생강': '1큰술', '후춧가루': '약간', '소금': '약간', '참기름': '약간', '홍고추': '1개'}"
487,"{'두부': '1팩', '계란': '1개', '청정원어장': '2큰술', '고춧가루': '1~2큰술', '깨소금': '약간', '참기름': '약간', '미더덕': '약간', '바지락': '약간', '잔새우': '약간', '다시마': '1장', '멸치': '한줌', '양파': '1/2개'}"
488,"{'우동면': '100g', '새우': '4마리', '김치': '1/8포기', '쑥갓': '약간', '김': '약간', '[육수] 시판용장국': '1컵', '물': '3~4컵', '고춧가루': '약간', '국간장': '약간', '소금': '약간', '후춧가루': '약간', '맛술': '약간', '설탕': '1/2작은술', '식초': '1/2작은술', '참기름': '약간'}"
489,"{'쫄면': '120g', '오이': '1/2개', '파프리카': '1/2개', '깻잎': '5장', '새싹채소': '약간', '고추장': '2큰술', '식초': '4큰술', '설탕': '1큰술', '간장': '1작은술', '참기름': '약간', '다진마늘': '1작은술', '물엿': '1작은술'}"
490,"{'플레인요구르트': '4개', '발효초': '10큰술', '초콜릿': '약간', '과일통조림': '약간', '꿀': '1큰술'}"
491,"{'미니파프리카': '1팩', '오이': '2개', '당근': '1/2개', '브로콜리': '1/2개', '양배추': '1/4통', '물': '2와1/2컵', '발효초': '2와1/2컵', '설탕': '1컵', '소금': '4큰술', '통후추': '20알', '식초': '1/2컵'}"
492,"{'떡국떡': '50g', '계란': '1개', '구운김': '1장', '대파': '1/2뿌리', '다진마늘': '2큰술', '청정원맛선생': '약간', '국간장': '1큰술', '참기름': '약간', '만두피': '15장', '다진돼지고기': '100g', '배추김치': '100g', '숙주': '50g', '두부': '1모', '파': '1/3뿌리'}"
493,"{'김치': '1/2포기', '꽁치': '1캔', '무': '1/3개', '대파': '1뿌리', '마늘': '5톨', '김칫국물': '1/2물', '간장': '약간'}"
494,"{'미소': '1과1/2큰술', '두부': '1/2모', '다시마': '약간', '팽이버섯': '약간', '실파': '약간', '간장': '약간'}"
495,"{'냉면': '300g', '계란': '1개', '방울토마토': '2개', '샐러드채소': '약간', '무': '1/3개', '[배합초] 소금': '2작은술', '설탕': '1큰술', '식초': '2큰술', '물': '약간', '[비빔양념] 간장': '1/2작은술', '고추장': '1과1/2작은술', '다진마늘': '1/2큰술', '다진파': '1작은술', '물엿': '1큰술', '육수': '3큰술', '깨소금': '약간'}"
496,"{'메기': '1마리', '무': '100g', '대파': '1뿌리', '마늘': '2쪽', '생강': '1쪽', '고춧가루': '1큰술', '고추장': '1작은술', '식용유': '1큰술', '소금': '약간', '후춧가루': '약간', '물': '4컵', '쑥갓': '50g'}"
497,"{'잉어': '1마리', '콩나물': '200g', '미나리': '50g', '계란': '1개', '홍고추': '2개', '[양념장] 고춧가루': '3큰술', '고추장': '3큰술', '다진마늘': '1과1/2큰술', '된장': '1과1/2큰술', '물엿': '1/2큰술', '생강': '약간', '후춧가루': '약간', '참기름': '약간'}"
498,"{'송어': '1마리', '양상추': nan, '무순': nan, '파슬리': nan, '오이': nan, '토마토': nan, '파인애플': nan}"
499,"{'돼지 볼살': '60g', '스파게티': '100g', '양파': '10g', '계란노른자': '1개', '생크림': '300g', '우유': '50g', '이태리파슬리': '2줄기', '후추': '적당량', '소금': '적당량', '그라나 빠다노': '10g'}"
500,"{'올리브오일': '3g', '양파': '3g', '당근': '2g', '샐러리': '2g', '쌀': '60g', '화이트와인': '10g', '완두콩': '3g', '닭 육수': '130ml', '이태리고추': '1개', '사라다나': '2포기', '트레비소': '1포기', '마늘': '1쪽', '로즈마리': '1줄기', '낙지': '1마리', '이태리파슬리': '1줄기', '토마토': '1/3개', '파프리카': '1/5개', '차이브': '약간', '소금': '약간', '후춧가루': '약간'}"
501,"{'불린 쌀': '10g', '생수': '1/2컵'}"
502,"{'불린 쌀': '30g', '배': '10g'}"
503,"{'불린 쌀': '25g', '단호박': '20g'}"
504,"{'불린 쌀': '10g', '브로코리': '10g', '정제수(생수)': '350g'}"
505,"{'불린 쌀': '10g', '비트 간 것': '5g', '물': '2/3컵'}"
506,"{'불린 쌀': '20g', '불린 찹쌀': '10g'}"
507,"{'불린 쌀': '20g', '애호박(속살)': '10g'}"
508,"{'불린 쌀': '20g', '고구마': '10g', '생수 반컵': '반컵'}"
509,"{'불린 쌀': '20g', '당근': '10g'}"
510,"{'불린 쌀': '15g', '사과': '10g', '물': '120cc'}"
511,"{'불린 쌀': '10g', '감자': '5g', '생수 또는 분유물(모유)': '120ml'}"
512,"{'불린 쌀': '15g', '양배추': '10G', '생수': '140cc'}"
513,"{'불린 쌀': '15g', '오이': '10g', '생수 반컵': '반컵'}"
514,"{'불린 쌀': '15g', '쇠고기': '10g', '애호박': '10g', '정수물(쇠고기육수)': '120ml'}"
515,"{'단호박': '20g', '브로코리': '15g', '불린 멥쌀': '15g', '찹쌀': '5g', '생수': nan}"
516,"{'멥쌀': '15g', '찹쌀': '10g', '시금치': '10g', '배': '10g', '물(쇠고기육수)': '120ml'}"
517,"{'불린 멥쌀': '15g', '쇠고기': '15g', '청경채': '10g', '쇠고기육수': '120ml'}"
518,"{'불린 쌀': '15g', '양송이': '8g', '당근': '10g'}"
519,"{'불린 쌀': '10g', '불린 찹쌀': '5g', '밤': '1개', '배': '15g', '생수': '1/2컵'}"
520,"{'불린 쌀': '10g', '불린 흑미': '3g', '단호박': '10g', '물': '120ml'}"
521,"{'불린 쌀': '15g', '불린 찹쌀': '5g', '쇠고기': '10g', '당근': '10g', '물': '120~130ml'}"
522,"{'쇠고기': '20g', '아욱': '10g', '감자': '10g', '느타리버섯': '5g', '양파': '5g', '당근': '2g', '멥쌀': '25g', '찹쌀': '5g', '육수 및 생수': nan}"
523,"{'흑임자': '15g', '표고': '4g', '애호박': '6g', '당근': '5g', '양파': '3g', '쌀': '25g', '찹쌀': '5g'}"
524,"{'멥쌀': '25g', '찹쌀': '5g', '양송이': '10g', '밤': '10g', '당근': '8g', '양파': '3g', '아가용치즈': '5g'}"
525,"{'불린 쌀': '20g', '닭가슴살': '20g', '청경채': '10g', '양파': '3g', '당근': '3g', '애호박': '5g', '정수물 또는 닭육수': '300ml정도'}"
526,"{'닭가슴살': '20g', '비트': '5g', '멥쌀': '30g', '양파': '10g', '대파 대': nan, '우유 적당량': '적당량'}"
527,"{'고구마': '15g', '당근': '10g', '사과': '10g', '브로코리': '5g', '양파': '3g', '멥쌀': '20g', '찹쌀': '5g', '물': '150ml'}"
528,"{'멥쌀': '20g', '찹쌀': '5g', '흰살 생선': '15g', '양파': '8g', '치즈': '5g', '감자': '3g', '당근': '2g', '적당량의 물': nan}"
529,"{'쇠고기': '15g', '브로코리': '10g', '감자': '8g', '느타리버섯': '4g', '양파': '3g', '당근': '2g', '멥쌀': '30g', '찹쌀': '5g'}"
530,"{'닭가슴살': '20g', '가지': '10g', '애호박': '7g', '양파': '3g', '당근': '2g', '진밥(멥쌀+찹쌀)': '30g+5g'}"
531,"{'시금치': '10g', '표고버섯': '10g', '감자': '10g', '아기된장소스': '2g', '양파': '3g', '당근': '2g', '멥쌀': '35g', '찹쌀': '5g'}"
532,"{'적양배추': '10g', '진밥': '50g', '두부': '15g', '아가용 치즈': '6g', '다시마국물': '80g'}"
533,"{'브로코리': '1송이', '오징어': '1마리', '소금약간': '약간'}"
534,"{'오이': '1개', '도라지': nan, '양파': '1/2개'}"
535,"{'상추': nan, '양념장': nan}"
536,"{'올리브유': '적당량', '빨강파프리카·노랑 파프리카·청피망': '1개씩', '가지': '2개', '굵은소금·후춧가루': '약간씩'}"
537,"{'새송이버섯': '2-3개', '마늘': '2통', '포도씨유': '2-3T', '볶은소금': '1t', '맛간장': '1T', '깨소금': nan}"
538,"{'사과': '1/2개', '달걀 ': '1개', '마요네즈': '3큰술', '단호박': '1/4개', '오이': '1/3개'}"
539,"{'녹색피망': '1/4개', '노랑/빨강 파프리카': '1/4개씩', '양파': '1/4개', '마요네즈': '4큰술', '당근': '1/4개', '브로코리 ': '약간', '고구마': '3개'}"
540,"{'오이': '1/3개', '양파': '1/4개', '양배추': '1/6개', '햄': '1/3개', '맛살': '2줄', '플레인요구르트': '3큰술', '감자': '2개'}"
5836,"{'토마토페이스트': '3큰술', '바질': '1/2작은술', '월계수 잎': '2장', '물': '2.5컵', '다진 마늘': '1큰술', '칠리': '3개', '후추, 식용유': '약간씩', '양송이버섯': '5개', '홍피망, 청피망 각각': '1/2개', '당근': '1/2개', '감자': '1개', '양파': '1개', '토마토': '5개', '소금': '1/2큰술', '쇠고기(안심 또는 등심)': '300g'}"
39665,"{'잣': '3~5알', '통후추': '5알', '대추': '3개', '양파': '1/4개', '대파': '1대', '소금': '약간', '인삼': '1뿌리', '땅콩': '20알', '볶은 흑임자(검은깨)': '1/2컵(55g)', '닭': '1마리', '참쌀': '1컵(170g)'}"
39692,"{'다진생강': '1작은술', '소금': '1작은술', '후추': '약간', '다진마늘': '1큰술', '다진양파': '2큰술', '다진파': '3큰술', '사과즙': '3큰술', '배즙': '2큰술', '청주': '3큰술', '간장': '3큰술', '고추장': '5큰술', '고춧가루': '5큰술', '다시마 우린 물': '2컵', '돼지갈비': '1.2kg', '시래기': '200g'}"
62330,"{'절인 배추': '1포기', '생강': '1톨', '잣': '1/2큰술', '대추': '4개', '굴': '100g', '낙지다리': '100g', '밤': '4개', '배': '1/2개', '미나리': '50g', '실파': '30g', '갓': '80g', '소금': '1큰술', '새우젓': '1/2컵', '고춧가루': '1컵', '마늘': '6쪽', '무': '200g'}"
73679,"{'소급': '2큰술', '밤': '7개', '다진생각': '1작은술', '다진마늘': '1/2큰술', '감동젓': '100g', '고춧가루': '1컵', '북어': '1마리', '낙지': '1마리', '생굴': '1/2컵', '실파': '100g', '미나리': '100g', '절인 배추': '1통', '무': '1개', '배': '1개', '설탕': '2큰술'}"
73699,"{'슈레드 치즈(모짜렐라치즈)': '100g', '슬라이스치즈': '1장', '전분': '조금', '찐옥수수 알갱이': '조금', '무지개고추': '1개', '파프리카': '1/3개', '단호박': '작은거1개'}"
73712,"{'올리브유': '1T', '들깨가루': '1컵', '밀가루': '200g', '찹쌀가루': '1T', '소금': '1.5t', '육수용 물': '6컵', '육수용 무': '1토막', '국물용 다시마': '5*5cm 3조각', '국물용멸치': '15마리', '육수용 대파': '1/2개', '시금치': '3뿌리'}"
90799,"{'스파게티면': '200g', '바질': '50g', '잣': '1T', '다진마늘': '1T', '올리브오일': '1T', '파마르산치즈': '1T', '소금, 후추': '약간', '새우': '12마리', '화이트와인': '1/2T'}"
90818,"{'버터': '조금', '가지': '1개', '소고기': '100g', '무순': '20g', '당근': '20g', '버섯': '20g', '사과': '20g', '소금': '조금'}"
90834,"{'돛나물': '20g', '양파': '소1/2', '다진마늘': '1t', '액젓': '1T', '매실액': '1T', '부추': '20g', '고추가루': '1T', '오이': '2개'}"
90846,"{'오이': '4개', '무': '작은토막 1개', '깐밤': '3개', '소금': '2T', '밥': '1T', '생강': '1개', '파뿌리': '3개', '양파': '1/2개', '물': '10컵', '노란 파프리카': '1/4개', '붉은 파프리카': '1/4개'}"
90868,"{'미니새송이버섯': '400g', '다진마늘': '1T', '다진쪽파': '약간', '바질': '약간', '올리브유': '약간', '소금': '1/4t', '방울토마토': '6개'}"
90881,"{'후추': '약간', '허니머스타드': '1T', '소금': '약간', '마요네즈': '1T', '노각': '1/2개', '닭가슴살': '2쪽', '호박': '1개'}"
90894,"{'다진마늘': '1/2T', '다진파': '1T', '깨소금': '1t', '참기름': '1t', '소금': '약간', '고구마잎': '100g'}"
90904,"{'고춧가루': '2T', '들기름': '1/2T', '간장': '1T', '소금': '약간', '다진마늘': '1T', '가지': '2개', '양파': '1/2개', '홍고추': '1개', '후추': '약간', '대파': '1/2단', '청고추': '1게'}"
90920,"{'가지': '2개', '양파': '1/2개', '다진마늘': '1/2T', '피자치즈': '1컵', '파슬리가루': '약간', '토마토소스': '200g', '우유': '4T', '파마산치즈가루': '2T', '소금': '약간', '후추': '약간', '올리브오일': '약간'}"
90941,"{'치커리': '약간', '상추': '약간', '와사비': '약간', '후추': '약간', '설탕': '1.5T', '식초': '1.5T', '고추장': '3T', '오징어': '2마리', '양파': '1개', '고추': '4개', '당근': '반개', '오이': '1개', '쑥갓': '약간'}"
90960,"{'양파': '조금', '쪽파': '2대', '다진마늘': '1T', '풋고추': '1개', '간장': '2T', '소금': '조금', '밥': '2인분', '호박잎': '20장', '가지': '1개', '통깨': '조금', '쌈장': '1T'}"
90980,"{'둥근호박': '1/3개', '양파': '1/2개', '설탕': '1t', '통깨': '조금', '식초': '3T', '된장': '1t', '고춧가루': '2.5T', '대파': '1/2대', '청고추': '1개', '홍고추': '1개'}"
90997,"{'모닝빵': '6개', '슬라이스치즈': '3장', '슬라이스햄': '3장', '토마토': '2개', '어린잎채소': '2줌', '마요네스': '4T', '허니머스타드': '2T'}"
91010,"{'라임': '2개', '허브(민트)': '한줌', '탄산수': '700ml', '설탕': '1T', '얼음': '20큐브'}"
91023,"{'설탕': '1컵', '고추': '180g (약2줌)', '식초': '1컵', '간장': '1.5컵', '물': '1컵'}"
120344,"{'고춧가루': '1T', '간장': '1/2T', '까나리액젓': '1T', '쪽파': '1/2대', '설탕': '1T', '깻잎': '30장', '다진마늘': '1T', '통깨': '1/2T', '홍고추': '1개'}"
120360,"{'매실액': '1T', '굴소스': '1T', '에멘탈 치즈가루': '1컵', '두부': '1/2모', '가지': '1개', '다진고추': '1T', '다진식파': '약간', '아몬드': '2알'}"
120379,"{'백오이': '2개', '참치캔': '1캔(100g)', '삶은계란': '1개', '양파': '1/2개', '단무지': '50g', '아몬드': '16알', '황설탕': '0.5T', '마요네즈': '1T', '꿀': '1T', '허브솔트': '약간', '소금': '2t', '식초': '1T', '머드터드': '0.5T', '견과류': '약간'}"
120401,"{'참기름': '약간', '대파': '1/2대', '청양고추': '1개', '식초': '0.5T', '다진마늘': '0.5T', '애호박': '1개', '맛술': '2T', '간장': '2T', '부침유': '약간', '어린잎채소': '100g', '통깨': '약간', '올리브유': '1T'}"
120419,"{'통깨': '약간', '매실액': '3T', '참기름': '2T', '고추': '1개', '라이스페이퍼': '10장', '연어살': '200g', '무채': '50g', '고사리': '50g', '도라지': '50g', '시금치': '50g', '콩나물': '50g'}"
120441,"{'고등어': '2마리', '단호박': '1개', '양파': '1/2개', '무': '1/3개', '청양고추': '2개', '홍고추': '1개', '다진마늘': '2T', '고추장': '1T', '된장': '1T', '간장': '1T', '고춧가루': '2T', '들기름': '1T', '설탕': '1/2T', '쌀뜨물': '4컵'}"
120463,"{'감자': '2개', '양파': '1/3개', '부침가루': '6T', '소금': '약간', '당근잎': '약간', '당근채': '약간'}"
120476,"{'배추잎': '10장', '후추': '약간', '달걀': '1개', '다진마늘': '1/2T', '다진생강': '2t', '다짐육(돼지고기)': '100g', '다짐육(소고기)': '100g', '당근': '1/6개', '당면': '한줌', '두부': '1/2모', '버섯': '4개', '소금': '3t', '통깨': '약간', '들기름': '1T', '간장': '1T', '미나리': '10줄기'}"
180330,"{'마요네즈': '1T', '식빵': '5쪽', '고구마': '2개(大)', '꿀': '1/2T', '소금': '약간', '건블루베리': '1/2T', '우유': '1cup', '달걀노른자': '1개'}"
180344,"{'양파': '1/8개', '방울토마토': '15알', '밥': '1공기', '달걀': '2개', '물': '280ml', '카레가루': '3T', '후추': '약간', '햄': '50g', '셀러리': '1대'}"
180363,"{'중새우': '15마리', '고추장': '2T', '설탕': '1+1/2T', '통깨': '약간', '소금': '약간', '쪽파': '15대', '식초': '2T'}"
195428,"{'밥': '3공기', '오이': '1/2개', '통깨': '약간', '마요네즈': '1T', '설탕': '0.5T', '식초': '0.5T', '두부': '2.5T', '소금': '약간', '참기름': '약간', '김밥용김': '2장', '어린잎채소': '약간', '가지': '1/2개', '당근': '1/2개'}"
195453,"{'계란': '5개', '전분': '1/2T', '부침가루': '1/2T', '소금': '2t', '후추': '1/2t', '참기름': '1T', '밀가루': '2CUP', '배추': '2잎', '호박': '1/2개', '대파': '1대', '다짐육': '200g', '콩비지': '300g', '다진마늘': '1T'}"
